
insert into MOVIES (ID, TITLE, SUMMARY, DIRECTORS, ACTORS, RUNNING_TIME, POSTER_LINK, TRAILER_LINK) values (1, 'Avengers: Endgame', 'After the devastating events of Avengers: Infinity War (2018), the universe is in ruins. With the help of remaining allies, the Avengers assemble once more in order to reverse Thanos'' actions and restore balance to the universe.', 'Anthony Russo, Joe Russo', 'Robert Downey Jr., Chris Evans, Mark Ruffalo', 182, 'https://m.media-amazon.com/images/M/MV5BMTc5MDE2ODcwNV5BMl5BanBnXkFtZTgwMzI2NzQ2NzM@._V1_.jpg', 'https://www.youtube.com/embed/TcMBFSGVi1c');
insert into MOVIES (ID, TITLE, SUMMARY, DIRECTORS, ACTORS, RUNNING_TIME, POSTER_LINK, TRAILER_LINK) values (2, 'Raya and the Last Dragon', 'In a realm known as Kumandra, a re-imagined Earth inhabited by an ancient civilization, a warrior named Raya is determined to find the last dragon.', 'Don Hall, Carlos López Estrada', 'Kelly Marie Tran, Awkwafina, Gemma Chan', 107, 'https://mlpnk72yciwc.i.optimole.com/cqhiHLc.WqA8~2eefa/w:auto/h:auto/q:75/https://bleedingcool.com/wp-content/uploads/2021/01/LARE_BS_75.10_v3.0_BusShelter_Mech9.jpg', 'https://www.youtube.com/embed/1VIZ89FEjYI');
insert into MOVIES (ID, TITLE, SUMMARY, DIRECTORS, ACTORS, RUNNING_TIME, POSTER_LINK, TRAILER_LINK) values (3, 'Soul', 'After landing the gig of a lifetime, a New York jazz pianist suddenly finds himself trapped in a strange land between Earth and the afterlife.', 'Pete Docter, Kemp Powers', 'Jamie Foxx, Tina Fey, Graham Norton', 100, 'https://i.ytimg.com/vi/EVB21AxR1Hw/movieposter_en.jpg', 'https://www.youtube.com/embed/xOsLIiBStEs');
insert into MOVIES (ID, TITLE, SUMMARY, DIRECTORS, ACTORS, RUNNING_TIME, POSTER_LINK, TRAILER_LINK) values (4, 'Crazy Rich Asians', 'This contemporary romantic comedy, based on a global bestseller, follows native New Yorker Rachel Chu to Singapore to meet her boyfriend''s family.', 'Jon M. Chu', 'Constance Wu, Henry Golding, Michelle Yeoh', 120, 'https://m.media-amazon.com/images/M/MV5BMTYxNDMyOTAxN15BMl5BanBnXkFtZTgwMDg1ODYzNTM@._V1_.jpg', 'https://www.youtube.com/embed/14ZHRBfpeNg');

insert into CINEMAS (ID, MAX_ROW, MAX_COLUMN) values (1, 'E', 5);
insert into CINEMAS (ID, MAX_ROW, MAX_COLUMN) values (2, 'J', 8);
insert into CINEMAS (ID, MAX_ROW, MAX_COLUMN) values (3, 'C', 7);

insert into MOVIE_SCREENINGS (ID, MOVIE_ID, CINEMA_ID, SCHEDULE_DATE, SCHEDULE_TIME) values (1, 1, 1, '2021-05-24', '10:15:00.000');
insert into MOVIE_SCREENINGS (ID, MOVIE_ID, CINEMA_ID, SCHEDULE_DATE, SCHEDULE_TIME) values (2, 1, 1, '2021-05-24', '12:15:00.000');
insert into MOVIE_SCREENINGS (ID, MOVIE_ID, CINEMA_ID, SCHEDULE_DATE, SCHEDULE_TIME) values (3, 2, 1, '2021-05-24', '17:00:00.000');
insert into MOVIE_SCREENINGS (ID, MOVIE_ID, CINEMA_ID, SCHEDULE_DATE, SCHEDULE_TIME) values (4, 3, 2, '2021-05-24', '11:00:00.000');
insert into MOVIE_SCREENINGS (ID, MOVIE_ID, CINEMA_ID, SCHEDULE_DATE, SCHEDULE_TIME) values (5, 3, 2, '2021-05-24', '15:00:00.000');
insert into MOVIE_SCREENINGS (ID, MOVIE_ID, CINEMA_ID, SCHEDULE_DATE, SCHEDULE_TIME) values (6, 3, 3, '2021-05-25', '16:00:00.000');
insert into MOVIE_SCREENINGS (ID, MOVIE_ID, CINEMA_ID, SCHEDULE_DATE, SCHEDULE_TIME) values (7, 3, 3, '2021-05-25', '11:00:00.000');

insert into RESERVED_SEATS(ID, MOVIE_SCREENING_ID, ROW, COLUMN ) values (10, 1, 'J', 8);
insert into RESERVED_SEATS(ID, MOVIE_SCREENING_ID, ROW, COLUMN ) values (11, 3, 'J', 9);
insert into RESERVED_SEATS(ID, MOVIE_SCREENING_ID, ROW, COLUMN ) values (12, 3, 'J', 10);
insert into RESERVED_SEATS(ID, MOVIE_SCREENING_ID, ROW, COLUMN ) values (13, 3, 'J', 11);
insert into RESERVED_SEATS(ID, MOVIE_SCREENING_ID, ROW, COLUMN ) values (14, 3, 'J', 12);
insert into RESERVED_SEATS(ID, MOVIE_SCREENING_ID, ROW, COLUMN ) values (15, 3, 'J', 13);
insert into RESERVED_SEATS(ID, MOVIE_SCREENING_ID, ROW, COLUMN ) values (16, 3, 'N', 9);
insert into RESERVED_SEATS(ID, MOVIE_SCREENING_ID, ROW, COLUMN ) values (17, 3, 'N', 10);
insert into RESERVED_SEATS(ID, MOVIE_SCREENING_ID, ROW, COLUMN ) values (18, 3, 'N', 11);
insert into RESERVED_SEATS(ID, MOVIE_SCREENING_ID, ROW, COLUMN ) values (19, 3, 'F', 10);
insert into RESERVED_SEATS(ID, MOVIE_SCREENING_ID, ROW, COLUMN ) values (20, 3, 'F', 11);
insert into RESERVED_SEATS(ID, MOVIE_SCREENING_ID, ROW, COLUMN ) values (21, 3, 'A', 8);

insert into TICKETS(MOVIE_SCREENING_ID, ROW, COLUMN ) values (1, 'J', 8);
insert into TICKETS(MOVIE_SCREENING_ID, ROW, COLUMN ) values (3, 'J', 9);
insert into TICKETS(MOVIE_SCREENING_ID, ROW, COLUMN ) values (3, 'J', 10);
insert into TICKETS(MOVIE_SCREENING_ID, ROW, COLUMN ) values (3, 'J', 11);
insert into TICKETS(MOVIE_SCREENING_ID, ROW, COLUMN ) values (3, 'J', 12);
insert into TICKETS(MOVIE_SCREENING_ID, ROW, COLUMN ) values (3, 'J', 13);
insert into TICKETS(MOVIE_SCREENING_ID, ROW, COLUMN ) values (3, 'N', 9);
insert into TICKETS(MOVIE_SCREENING_ID, ROW, COLUMN ) values (3, 'N', 10);
insert into TICKETS(MOVIE_SCREENING_ID, ROW, COLUMN ) values (3, 'N', 11);
insert into TICKETS(MOVIE_SCREENING_ID, ROW, COLUMN ) values (3, 'F', 10);
insert into TICKETS(MOVIE_SCREENING_ID, ROW, COLUMN ) values (3, 'F', 11);
insert into TICKETS(MOVIE_SCREENING_ID, ROW, COLUMN ) values (3, 'A', 8);

insert into CINEMA_SEATS (ID, CINEMA_ID, ROW, COLUMN, STATUS) values (1, 1, 'A', 4, 'ENABLED');
insert into CINEMA_SEATS (ID, CINEMA_ID, ROW, COLUMN, STATUS) values (2, 1, 'A', 6, 'ENABLED');
insert into CINEMA_SEATS (ID, CINEMA_ID, ROW, COLUMN, STATUS) values (3, 1, 'A', 7, 'ENABLED');
insert into CINEMA_SEATS (ID, CINEMA_ID, ROW, COLUMN, STATUS) values (4, 1, 'A', 8, 'ENABLED');
insert into CINEMA_SEATS (ID, CINEMA_ID, ROW, COLUMN, STATUS) values (5, 1, 'A', 9, 'ENABLED');
insert into CINEMA_SEATS (ID, CINEMA_ID, ROW, COLUMN, STATUS) values (6, 1, 'A', 10, 'ENABLED');
insert into CINEMA_SEATS (ID, CINEMA_ID, ROW, COLUMN, STATUS) values (7, 1, 'A', 11, 'ENABLED');
insert into CINEMA_SEATS (ID, CINEMA_ID, ROW, COLUMN, STATUS) values (8, 1, 'A', 12, 'ENABLED');
insert into CINEMA_SEATS (ID, CINEMA_ID, ROW, COLUMN, STATUS) values (9, 1, 'A', 13, 'ENABLED');
insert into CINEMA_SEATS (ID, CINEMA_ID, ROW, COLUMN, STATUS) values (10, 1, 'A', 14, 'ENABLED');
insert into CINEMA_SEATS (ID, CINEMA_ID, ROW, COLUMN, STATUS) values (11, 1, 'A', 15, 'ENABLED');
insert into CINEMA_SEATS (ID, CINEMA_ID, ROW, COLUMN, STATUS) values (12, 1, 'A', 17, 'ENABLED');
insert into CINEMA_SEATS (ID, CINEMA_ID, ROW, COLUMN, STATUS) values (13, 1, 'B', 3, 'ENABLED');
insert into CINEMA_SEATS (ID, CINEMA_ID, ROW, COLUMN, STATUS) values (14, 1, 'B', 4, 'ENABLED');
insert into CINEMA_SEATS (ID, CINEMA_ID, ROW, COLUMN, STATUS) values (15, 1, 'B', 6, 'ENABLED');
insert into CINEMA_SEATS (ID, CINEMA_ID, ROW, COLUMN, STATUS) values (16, 1, 'B', 7, 'ENABLED');
insert into CINEMA_SEATS (ID, CINEMA_ID, ROW, COLUMN, STATUS) values (17, 1, 'B', 8, 'ENABLED');
insert into CINEMA_SEATS (ID, CINEMA_ID, ROW, COLUMN, STATUS) values (18, 1, 'B', 9, 'ENABLED');
insert into CINEMA_SEATS (ID, CINEMA_ID, ROW, COLUMN, STATUS) values (19, 1, 'B', 10, 'ENABLED');
insert into CINEMA_SEATS (ID, CINEMA_ID, ROW, COLUMN, STATUS) values (20, 1, 'B', 11, 'ENABLED');
insert into CINEMA_SEATS (ID, CINEMA_ID, ROW, COLUMN, STATUS) values (21, 1, 'B', 12, 'ENABLED');
insert into CINEMA_SEATS (ID, CINEMA_ID, ROW, COLUMN, STATUS) values (22, 1, 'B', 13, 'ENABLED');
insert into CINEMA_SEATS (ID, CINEMA_ID, ROW, COLUMN, STATUS) values (23, 1, 'B', 14, 'ENABLED');
insert into CINEMA_SEATS (ID, CINEMA_ID, ROW, COLUMN, STATUS) values (24, 1, 'B', 15, 'ENABLED');
insert into CINEMA_SEATS (ID, CINEMA_ID, ROW, COLUMN, STATUS) values (25, 1, 'B', 17, 'ENABLED');
insert into CINEMA_SEATS (ID, CINEMA_ID, ROW, COLUMN, STATUS) values (26, 1, 'B', 18, 'ENABLED');
insert into CINEMA_SEATS (ID, CINEMA_ID, ROW, COLUMN, STATUS) values (27, 1, 'C', 2, 'ENABLED');
insert into CINEMA_SEATS (ID, CINEMA_ID, ROW, COLUMN, STATUS) values (28, 1, 'C', 3, 'ENABLED');
insert into CINEMA_SEATS (ID, CINEMA_ID, ROW, COLUMN, STATUS) values (29, 1, 'C', 4, 'ENABLED');
insert into CINEMA_SEATS (ID, CINEMA_ID, ROW, COLUMN, STATUS) values (30, 1, 'C', 6, 'ENABLED');
insert into CINEMA_SEATS (ID, CINEMA_ID, ROW, COLUMN, STATUS) values (31, 1, 'C', 7, 'ENABLED');
insert into CINEMA_SEATS (ID, CINEMA_ID, ROW, COLUMN, STATUS) values (32, 1, 'C', 8, 'ENABLED');
insert into CINEMA_SEATS (ID, CINEMA_ID, ROW, COLUMN, STATUS) values (33, 1, 'C', 9, 'ENABLED');
insert into CINEMA_SEATS (ID, CINEMA_ID, ROW, COLUMN, STATUS) values (34, 1, 'C', 10, 'ENABLED');
insert into CINEMA_SEATS (ID, CINEMA_ID, ROW, COLUMN, STATUS) values (35, 1, 'C', 11, 'ENABLED');
insert into CINEMA_SEATS (ID, CINEMA_ID, ROW, COLUMN, STATUS) values (36, 1, 'C', 12, 'ENABLED');
insert into CINEMA_SEATS (ID, CINEMA_ID, ROW, COLUMN, STATUS) values (37, 1, 'C', 13, 'ENABLED');
insert into CINEMA_SEATS (ID, CINEMA_ID, ROW, COLUMN, STATUS) values (38, 1, 'C', 14, 'ENABLED');
insert into CINEMA_SEATS (ID, CINEMA_ID, ROW, COLUMN, STATUS) values (39, 1, 'C', 15, 'ENABLED');
insert into CINEMA_SEATS (ID, CINEMA_ID, ROW, COLUMN, STATUS) values (40, 1, 'C', 17, 'ENABLED');
insert into CINEMA_SEATS (ID, CINEMA_ID, ROW, COLUMN, STATUS) values (41, 1, 'C', 18, 'ENABLED');
insert into CINEMA_SEATS (ID, CINEMA_ID, ROW, COLUMN, STATUS) values (42, 1, 'C', 19, 'ENABLED');
insert into CINEMA_SEATS (ID, CINEMA_ID, ROW, COLUMN, STATUS) values (43, 1, 'D', 1, 'ENABLED');
insert into CINEMA_SEATS (ID, CINEMA_ID, ROW, COLUMN, STATUS) values (44, 1, 'D', 2, 'ENABLED');
insert into CINEMA_SEATS (ID, CINEMA_ID, ROW, COLUMN, STATUS) values (45, 1, 'D', 3, 'ENABLED');
insert into CINEMA_SEATS (ID, CINEMA_ID, ROW, COLUMN, STATUS) values (46, 1, 'D', 4, 'ENABLED');
insert into CINEMA_SEATS (ID, CINEMA_ID, ROW, COLUMN, STATUS) values (47, 1, 'D', 6, 'ENABLED');
insert into CINEMA_SEATS (ID, CINEMA_ID, ROW, COLUMN, STATUS) values (48, 1, 'D', 7, 'ENABLED');
insert into CINEMA_SEATS (ID, CINEMA_ID, ROW, COLUMN, STATUS) values (49, 1, 'D', 8, 'ENABLED');
insert into CINEMA_SEATS (ID, CINEMA_ID, ROW, COLUMN, STATUS) values (50, 1, 'D', 9, 'ENABLED');
insert into CINEMA_SEATS (ID, CINEMA_ID, ROW, COLUMN, STATUS) values (51, 1, 'D', 10, 'ENABLED');
insert into CINEMA_SEATS (ID, CINEMA_ID, ROW, COLUMN, STATUS) values (52, 1, 'D', 11, 'ENABLED');
insert into CINEMA_SEATS (ID, CINEMA_ID, ROW, COLUMN, STATUS) values (53, 1, 'D', 12, 'ENABLED');
insert into CINEMA_SEATS (ID, CINEMA_ID, ROW, COLUMN, STATUS) values (54, 1, 'D', 13, 'ENABLED');
insert into CINEMA_SEATS (ID, CINEMA_ID, ROW, COLUMN, STATUS) values (55, 1, 'D', 14, 'ENABLED');
insert into CINEMA_SEATS (ID, CINEMA_ID, ROW, COLUMN, STATUS) values (56, 1, 'D', 15, 'ENABLED');
insert into CINEMA_SEATS (ID, CINEMA_ID, ROW, COLUMN, STATUS) values (57, 1, 'D', 17, 'ENABLED');
insert into CINEMA_SEATS (ID, CINEMA_ID, ROW, COLUMN, STATUS) values (58, 1, 'D', 18, 'ENABLED');
insert into CINEMA_SEATS (ID, CINEMA_ID, ROW, COLUMN, STATUS) values (59, 1, 'D', 19, 'ENABLED');
insert into CINEMA_SEATS (ID, CINEMA_ID, ROW, COLUMN, STATUS) values (60, 1, 'D', 20, 'ENABLED');
insert into CINEMA_SEATS (ID, CINEMA_ID, ROW, COLUMN, STATUS) values (61, 1, 'E', 1, 'ENABLED');
insert into CINEMA_SEATS (ID, CINEMA_ID, ROW, COLUMN, STATUS) values (62, 1, 'E', 2, 'ENABLED');
insert into CINEMA_SEATS (ID, CINEMA_ID, ROW, COLUMN, STATUS) values (63, 1, 'E', 3, 'ENABLED');
insert into CINEMA_SEATS (ID, CINEMA_ID, ROW, COLUMN, STATUS) values (64, 1, 'E', 4, 'ENABLED');
insert into CINEMA_SEATS (ID, CINEMA_ID, ROW, COLUMN, STATUS) values (65, 1, 'E', 6, 'ENABLED');
insert into CINEMA_SEATS (ID, CINEMA_ID, ROW, COLUMN, STATUS) values (66, 1, 'E', 7, 'ENABLED');
insert into CINEMA_SEATS (ID, CINEMA_ID, ROW, COLUMN, STATUS) values (67, 1, 'E', 8, 'ENABLED');
insert into CINEMA_SEATS (ID, CINEMA_ID, ROW, COLUMN, STATUS) values (68, 1, 'E', 9, 'ENABLED');
insert into CINEMA_SEATS (ID, CINEMA_ID, ROW, COLUMN, STATUS) values (69, 1, 'E', 10, 'ENABLED');
insert into CINEMA_SEATS (ID, CINEMA_ID, ROW, COLUMN, STATUS) values (70, 1, 'E', 11, 'ENABLED');
insert into CINEMA_SEATS (ID, CINEMA_ID, ROW, COLUMN, STATUS) values (71, 1, 'E', 12, 'ENABLED');
insert into CINEMA_SEATS (ID, CINEMA_ID, ROW, COLUMN, STATUS) values (72, 1, 'E', 13, 'ENABLED');
insert into CINEMA_SEATS (ID, CINEMA_ID, ROW, COLUMN, STATUS) values (73, 1, 'E', 14, 'ENABLED');
insert into CINEMA_SEATS (ID, CINEMA_ID, ROW, COLUMN, STATUS) values (74, 1, 'E', 15, 'ENABLED');
insert into CINEMA_SEATS (ID, CINEMA_ID, ROW, COLUMN, STATUS) values (75, 1, 'E', 17, 'ENABLED');
insert into CINEMA_SEATS (ID, CINEMA_ID, ROW, COLUMN, STATUS) values (76, 1, 'E', 18, 'ENABLED');
insert into CINEMA_SEATS (ID, CINEMA_ID, ROW, COLUMN, STATUS) values (77, 1, 'E', 19, 'ENABLED');
insert into CINEMA_SEATS (ID, CINEMA_ID, ROW, COLUMN, STATUS) values (78, 1, 'E', 20, 'ENABLED');
insert into CINEMA_SEATS (ID, CINEMA_ID, ROW, COLUMN, STATUS) values (79, 1, 'F', 1, 'ENABLED');
insert into CINEMA_SEATS (ID, CINEMA_ID, ROW, COLUMN, STATUS) values (80, 1, 'F', 2, 'ENABLED');
insert into CINEMA_SEATS (ID, CINEMA_ID, ROW, COLUMN, STATUS) values (81, 1, 'F', 3, 'ENABLED');
insert into CINEMA_SEATS (ID, CINEMA_ID, ROW, COLUMN, STATUS) values (82, 1, 'F', 4, 'ENABLED');
insert into CINEMA_SEATS (ID, CINEMA_ID, ROW, COLUMN, STATUS) values (83, 1, 'F', 6, 'ENABLED');
insert into CINEMA_SEATS (ID, CINEMA_ID, ROW, COLUMN, STATUS) values (84, 1, 'F', 7, 'ENABLED');
insert into CINEMA_SEATS (ID, CINEMA_ID, ROW, COLUMN, STATUS) values (85, 1, 'F', 8, 'ENABLED');
insert into CINEMA_SEATS (ID, CINEMA_ID, ROW, COLUMN, STATUS) values (86, 1, 'F', 9, 'ENABLED');
insert into CINEMA_SEATS (ID, CINEMA_ID, ROW, COLUMN, STATUS) values (87, 1, 'F', 10, 'ENABLED');
insert into CINEMA_SEATS (ID, CINEMA_ID, ROW, COLUMN, STATUS) values (88, 1, 'F', 11, 'ENABLED');
insert into CINEMA_SEATS (ID, CINEMA_ID, ROW, COLUMN, STATUS) values (89, 1, 'F', 12, 'ENABLED');
insert into CINEMA_SEATS (ID, CINEMA_ID, ROW, COLUMN, STATUS) values (90, 1, 'F', 13, 'ENABLED');
insert into CINEMA_SEATS (ID, CINEMA_ID, ROW, COLUMN, STATUS) values (91, 1, 'F', 14, 'ENABLED');
insert into CINEMA_SEATS (ID, CINEMA_ID, ROW, COLUMN, STATUS) values (92, 1, 'F', 15, 'ENABLED');
insert into CINEMA_SEATS (ID, CINEMA_ID, ROW, COLUMN, STATUS) values (93, 1, 'F', 17, 'ENABLED');
insert into CINEMA_SEATS (ID, CINEMA_ID, ROW, COLUMN, STATUS) values (94, 1, 'F', 18, 'ENABLED');
insert into CINEMA_SEATS (ID, CINEMA_ID, ROW, COLUMN, STATUS) values (95, 1, 'F', 19, 'ENABLED');
insert into CINEMA_SEATS (ID, CINEMA_ID, ROW, COLUMN, STATUS) values (96, 1, 'F', 20, 'ENABLED');
insert into CINEMA_SEATS (ID, CINEMA_ID, ROW, COLUMN, STATUS) values (97, 1, 'G', 1, 'ENABLED');
insert into CINEMA_SEATS (ID, CINEMA_ID, ROW, COLUMN, STATUS) values (98, 1, 'G', 2, 'ENABLED');
insert into CINEMA_SEATS (ID, CINEMA_ID, ROW, COLUMN, STATUS) values (99, 1, 'G', 3, 'ENABLED');
insert into CINEMA_SEATS (ID, CINEMA_ID, ROW, COLUMN, STATUS) values (100, 1, 'G', 4, 'ENABLED');
insert into CINEMA_SEATS (ID, CINEMA_ID, ROW, COLUMN, STATUS) values (101, 1, 'G', 6, 'ENABLED');
insert into CINEMA_SEATS (ID, CINEMA_ID, ROW, COLUMN, STATUS) values (102, 1, 'G', 7, 'ENABLED');
insert into CINEMA_SEATS (ID, CINEMA_ID, ROW, COLUMN, STATUS) values (103, 1, 'G', 8, 'ENABLED');
insert into CINEMA_SEATS (ID, CINEMA_ID, ROW, COLUMN, STATUS) values (104, 1, 'G', 9, 'ENABLED');
insert into CINEMA_SEATS (ID, CINEMA_ID, ROW, COLUMN, STATUS) values (105, 1, 'G', 10, 'ENABLED');
insert into CINEMA_SEATS (ID, CINEMA_ID, ROW, COLUMN, STATUS) values (106, 1, 'G', 11, 'ENABLED');
insert into CINEMA_SEATS (ID, CINEMA_ID, ROW, COLUMN, STATUS) values (107, 1, 'G', 12, 'ENABLED');
insert into CINEMA_SEATS (ID, CINEMA_ID, ROW, COLUMN, STATUS) values (108, 1, 'G', 13, 'ENABLED');
insert into CINEMA_SEATS (ID, CINEMA_ID, ROW, COLUMN, STATUS) values (109, 1, 'G', 14, 'ENABLED');
insert into CINEMA_SEATS (ID, CINEMA_ID, ROW, COLUMN, STATUS) values (110, 1, 'G', 15, 'ENABLED');
insert into CINEMA_SEATS (ID, CINEMA_ID, ROW, COLUMN, STATUS) values (111, 1, 'G', 17, 'ENABLED');
insert into CINEMA_SEATS (ID, CINEMA_ID, ROW, COLUMN, STATUS) values (112, 1, 'G', 18, 'ENABLED');
insert into CINEMA_SEATS (ID, CINEMA_ID, ROW, COLUMN, STATUS) values (113, 1, 'G', 19, 'ENABLED');
insert into CINEMA_SEATS (ID, CINEMA_ID, ROW, COLUMN, STATUS) values (114, 1, 'G', 20, 'ENABLED');
insert into CINEMA_SEATS (ID, CINEMA_ID, ROW, COLUMN, STATUS) values (115, 1, 'H', 1, 'ENABLED');
insert into CINEMA_SEATS (ID, CINEMA_ID, ROW, COLUMN, STATUS) values (116, 1, 'H', 2, 'ENABLED');
insert into CINEMA_SEATS (ID, CINEMA_ID, ROW, COLUMN, STATUS) values (117, 1, 'H', 3, 'ENABLED');
insert into CINEMA_SEATS (ID, CINEMA_ID, ROW, COLUMN, STATUS) values (118, 1, 'H', 4, 'ENABLED');
insert into CINEMA_SEATS (ID, CINEMA_ID, ROW, COLUMN, STATUS) values (119, 1, 'H', 6, 'ENABLED');
insert into CINEMA_SEATS (ID, CINEMA_ID, ROW, COLUMN, STATUS) values (120, 1, 'H', 7, 'ENABLED');
insert into CINEMA_SEATS (ID, CINEMA_ID, ROW, COLUMN, STATUS) values (121, 1, 'H', 8, 'ENABLED');
insert into CINEMA_SEATS (ID, CINEMA_ID, ROW, COLUMN, STATUS) values (122, 1, 'H', 9, 'ENABLED');
insert into CINEMA_SEATS (ID, CINEMA_ID, ROW, COLUMN, STATUS) values (123, 1, 'H', 10, 'ENABLED');
insert into CINEMA_SEATS (ID, CINEMA_ID, ROW, COLUMN, STATUS) values (124, 1, 'H', 11, 'ENABLED');
insert into CINEMA_SEATS (ID, CINEMA_ID, ROW, COLUMN, STATUS) values (125, 1, 'H', 12, 'ENABLED');
insert into CINEMA_SEATS (ID, CINEMA_ID, ROW, COLUMN, STATUS) values (126, 1, 'H', 13, 'ENABLED');
insert into CINEMA_SEATS (ID, CINEMA_ID, ROW, COLUMN, STATUS) values (127, 1, 'H', 14, 'ENABLED');
insert into CINEMA_SEATS (ID, CINEMA_ID, ROW, COLUMN, STATUS) values (128, 1, 'H', 15, 'ENABLED');
insert into CINEMA_SEATS (ID, CINEMA_ID, ROW, COLUMN, STATUS) values (129, 1, 'H', 17, 'ENABLED');
insert into CINEMA_SEATS (ID, CINEMA_ID, ROW, COLUMN, STATUS) values (130, 1, 'H', 18, 'ENABLED');
insert into CINEMA_SEATS (ID, CINEMA_ID, ROW, COLUMN, STATUS) values (131, 1, 'H', 19, 'ENABLED');
insert into CINEMA_SEATS (ID, CINEMA_ID, ROW, COLUMN, STATUS) values (132, 1, 'H', 20, 'ENABLED');
insert into CINEMA_SEATS (ID, CINEMA_ID, ROW, COLUMN, STATUS) values (133, 1, 'I', 1, 'ENABLED');
insert into CINEMA_SEATS (ID, CINEMA_ID, ROW, COLUMN, STATUS) values (134, 1, 'I', 2, 'ENABLED');
insert into CINEMA_SEATS (ID, CINEMA_ID, ROW, COLUMN, STATUS) values (135, 1, 'I', 3, 'ENABLED');
insert into CINEMA_SEATS (ID, CINEMA_ID, ROW, COLUMN, STATUS) values (136, 1, 'I', 4, 'ENABLED');
insert into CINEMA_SEATS (ID, CINEMA_ID, ROW, COLUMN, STATUS) values (137, 1, 'I', 6, 'ENABLED');
insert into CINEMA_SEATS (ID, CINEMA_ID, ROW, COLUMN, STATUS) values (138, 1, 'I', 7, 'ENABLED');
insert into CINEMA_SEATS (ID, CINEMA_ID, ROW, COLUMN, STATUS) values (139, 1, 'I', 8, 'ENABLED');
insert into CINEMA_SEATS (ID, CINEMA_ID, ROW, COLUMN, STATUS) values (140, 1, 'I', 9, 'ENABLED');
insert into CINEMA_SEATS (ID, CINEMA_ID, ROW, COLUMN, STATUS) values (141, 1, 'I', 10, 'ENABLED');
insert into CINEMA_SEATS (ID, CINEMA_ID, ROW, COLUMN, STATUS) values (142, 1, 'I', 11, 'ENABLED');
insert into CINEMA_SEATS (ID, CINEMA_ID, ROW, COLUMN, STATUS) values (143, 1, 'I', 12, 'ENABLED');
insert into CINEMA_SEATS (ID, CINEMA_ID, ROW, COLUMN, STATUS) values (144, 1, 'I', 13, 'ENABLED');
insert into CINEMA_SEATS (ID, CINEMA_ID, ROW, COLUMN, STATUS) values (145, 1, 'I', 14, 'ENABLED');
insert into CINEMA_SEATS (ID, CINEMA_ID, ROW, COLUMN, STATUS) values (146, 1, 'I', 15, 'ENABLED');
insert into CINEMA_SEATS (ID, CINEMA_ID, ROW, COLUMN, STATUS) values (147, 1, 'I', 17, 'ENABLED');
insert into CINEMA_SEATS (ID, CINEMA_ID, ROW, COLUMN, STATUS) values (148, 1, 'I', 18, 'ENABLED');
insert into CINEMA_SEATS (ID, CINEMA_ID, ROW, COLUMN, STATUS) values (149, 1, 'I', 19, 'ENABLED');
insert into CINEMA_SEATS (ID, CINEMA_ID, ROW, COLUMN, STATUS) values (150, 1, 'I', 20, 'ENABLED');
insert into CINEMA_SEATS (ID, CINEMA_ID, ROW, COLUMN, STATUS) values (151, 1, 'J', 1, 'ENABLED');
insert into CINEMA_SEATS (ID, CINEMA_ID, ROW, COLUMN, STATUS) values (152, 1, 'J', 2, 'ENABLED');
insert into CINEMA_SEATS (ID, CINEMA_ID, ROW, COLUMN, STATUS) values (153, 1, 'J', 3, 'ENABLED');
insert into CINEMA_SEATS (ID, CINEMA_ID, ROW, COLUMN, STATUS) values (154, 1, 'J', 4, 'ENABLED');
insert into CINEMA_SEATS (ID, CINEMA_ID, ROW, COLUMN, STATUS) values (155, 1, 'J', 6, 'ENABLED');
insert into CINEMA_SEATS (ID, CINEMA_ID, ROW, COLUMN, STATUS) values (156, 1, 'J', 7, 'ENABLED');
insert into CINEMA_SEATS (ID, CINEMA_ID, ROW, COLUMN, STATUS) values (157, 1, 'J', 8, 'ENABLED');
insert into CINEMA_SEATS (ID, CINEMA_ID, ROW, COLUMN, STATUS) values (158, 1, 'J', 9, 'ENABLED');
insert into CINEMA_SEATS (ID, CINEMA_ID, ROW, COLUMN, STATUS) values (159, 1, 'J', 10, 'ENABLED');
insert into CINEMA_SEATS (ID, CINEMA_ID, ROW, COLUMN, STATUS) values (160, 1, 'J', 11, 'ENABLED');
insert into CINEMA_SEATS (ID, CINEMA_ID, ROW, COLUMN, STATUS) values (161, 1, 'J', 12, 'ENABLED');
insert into CINEMA_SEATS (ID, CINEMA_ID, ROW, COLUMN, STATUS) values (162, 1, 'J', 13, 'ENABLED');
insert into CINEMA_SEATS (ID, CINEMA_ID, ROW, COLUMN, STATUS) values (163, 1, 'J', 14, 'ENABLED');
insert into CINEMA_SEATS (ID, CINEMA_ID, ROW, COLUMN, STATUS) values (164, 1, 'J', 15, 'ENABLED');
insert into CINEMA_SEATS (ID, CINEMA_ID, ROW, COLUMN, STATUS) values (165, 1, 'J', 17, 'ENABLED');
insert into CINEMA_SEATS (ID, CINEMA_ID, ROW, COLUMN, STATUS) values (166, 1, 'J', 18, 'ENABLED');
insert into CINEMA_SEATS (ID, CINEMA_ID, ROW, COLUMN, STATUS) values (167, 1, 'J', 19, 'ENABLED');
insert into CINEMA_SEATS (ID, CINEMA_ID, ROW, COLUMN, STATUS) values (168, 1, 'J', 20, 'ENABLED');
insert into CINEMA_SEATS (ID, CINEMA_ID, ROW, COLUMN, STATUS) values (169, 1, 'L', 1, 'ENABLED');
insert into CINEMA_SEATS (ID, CINEMA_ID, ROW, COLUMN, STATUS) values (170, 1, 'L', 2, 'ENABLED');
insert into CINEMA_SEATS (ID, CINEMA_ID, ROW, COLUMN, STATUS) values (171, 1, 'L', 3, 'ENABLED');
insert into CINEMA_SEATS (ID, CINEMA_ID, ROW, COLUMN, STATUS) values (172, 1, 'L', 4, 'ENABLED');
insert into CINEMA_SEATS (ID, CINEMA_ID, ROW, COLUMN, STATUS) values (173, 1, 'L', 6, 'ENABLED');
insert into CINEMA_SEATS (ID, CINEMA_ID, ROW, COLUMN, STATUS) values (174, 1, 'L', 7, 'ENABLED');
insert into CINEMA_SEATS (ID, CINEMA_ID, ROW, COLUMN, STATUS) values (175, 1, 'L', 8, 'ENABLED');
insert into CINEMA_SEATS (ID, CINEMA_ID, ROW, COLUMN, STATUS) values (176, 1, 'L', 9, 'ENABLED');
insert into CINEMA_SEATS (ID, CINEMA_ID, ROW, COLUMN, STATUS) values (177, 1, 'L', 10, 'ENABLED');
insert into CINEMA_SEATS (ID, CINEMA_ID, ROW, COLUMN, STATUS) values (178, 1, 'L', 11, 'ENABLED');
insert into CINEMA_SEATS (ID, CINEMA_ID, ROW, COLUMN, STATUS) values (179, 1, 'L', 12, 'ENABLED');
insert into CINEMA_SEATS (ID, CINEMA_ID, ROW, COLUMN, STATUS) values (180, 1, 'L', 13, 'ENABLED');
insert into CINEMA_SEATS (ID, CINEMA_ID, ROW, COLUMN, STATUS) values (181, 1, 'L', 14, 'ENABLED');
insert into CINEMA_SEATS (ID, CINEMA_ID, ROW, COLUMN, STATUS) values (182, 1, 'L', 15, 'ENABLED');
insert into CINEMA_SEATS (ID, CINEMA_ID, ROW, COLUMN, STATUS) values (183, 1, 'L', 17, 'ENABLED');
insert into CINEMA_SEATS (ID, CINEMA_ID, ROW, COLUMN, STATUS) values (184, 1, 'L', 18, 'ENABLED');
insert into CINEMA_SEATS (ID, CINEMA_ID, ROW, COLUMN, STATUS) values (185, 1, 'L', 19, 'ENABLED');
insert into CINEMA_SEATS (ID, CINEMA_ID, ROW, COLUMN, STATUS) values (186, 1, 'L', 20, 'ENABLED');
insert into CINEMA_SEATS (ID, CINEMA_ID, ROW, COLUMN, STATUS) values (187, 1, 'M', 1, 'ENABLED');
insert into CINEMA_SEATS (ID, CINEMA_ID, ROW, COLUMN, STATUS) values (188, 1, 'M', 2, 'ENABLED');
insert into CINEMA_SEATS (ID, CINEMA_ID, ROW, COLUMN, STATUS) values (189, 1, 'M', 3, 'ENABLED');
insert into CINEMA_SEATS (ID, CINEMA_ID, ROW, COLUMN, STATUS) values (190, 1, 'M', 4, 'ENABLED');
insert into CINEMA_SEATS (ID, CINEMA_ID, ROW, COLUMN, STATUS) values (191, 1, 'M', 6, 'ENABLED');
insert into CINEMA_SEATS (ID, CINEMA_ID, ROW, COLUMN, STATUS) values (192, 1, 'M', 7, 'ENABLED');
insert into CINEMA_SEATS (ID, CINEMA_ID, ROW, COLUMN, STATUS) values (193, 1, 'M', 8, 'ENABLED');
insert into CINEMA_SEATS (ID, CINEMA_ID, ROW, COLUMN, STATUS) values (194, 1, 'M', 9, 'ENABLED');
insert into CINEMA_SEATS (ID, CINEMA_ID, ROW, COLUMN, STATUS) values (195, 1, 'M', 10, 'ENABLED');
insert into CINEMA_SEATS (ID, CINEMA_ID, ROW, COLUMN, STATUS) values (196, 1, 'M', 11, 'ENABLED');
insert into CINEMA_SEATS (ID, CINEMA_ID, ROW, COLUMN, STATUS) values (197, 1, 'M', 12, 'ENABLED');
insert into CINEMA_SEATS (ID, CINEMA_ID, ROW, COLUMN, STATUS) values (198, 1, 'M', 13, 'ENABLED');
insert into CINEMA_SEATS (ID, CINEMA_ID, ROW, COLUMN, STATUS) values (199, 1, 'M', 14, 'ENABLED');
insert into CINEMA_SEATS (ID, CINEMA_ID, ROW, COLUMN, STATUS) values (200, 1, 'M', 15, 'ENABLED');
insert into CINEMA_SEATS (ID, CINEMA_ID, ROW, COLUMN, STATUS) values (201, 1, 'M', 17, 'ENABLED');
insert into CINEMA_SEATS (ID, CINEMA_ID, ROW, COLUMN, STATUS) values (202, 1, 'M', 18, 'ENABLED');
insert into CINEMA_SEATS (ID, CINEMA_ID, ROW, COLUMN, STATUS) values (203, 1, 'M', 19, 'ENABLED');
insert into CINEMA_SEATS (ID, CINEMA_ID, ROW, COLUMN, STATUS) values (204, 1, 'M', 20, 'ENABLED');
insert into CINEMA_SEATS (ID, CINEMA_ID, ROW, COLUMN, STATUS) values (205, 1, 'N', 1, 'ENABLED');
insert into CINEMA_SEATS (ID, CINEMA_ID, ROW, COLUMN, STATUS) values (206, 1, 'N', 2, 'ENABLED');
insert into CINEMA_SEATS (ID, CINEMA_ID, ROW, COLUMN, STATUS) values (207, 1, 'N', 3, 'ENABLED');
insert into CINEMA_SEATS (ID, CINEMA_ID, ROW, COLUMN, STATUS) values (208, 1, 'N', 4, 'ENABLED');
insert into CINEMA_SEATS (ID, CINEMA_ID, ROW, COLUMN, STATUS) values (209, 1, 'N', 6, 'ENABLED');
insert into CINEMA_SEATS (ID, CINEMA_ID, ROW, COLUMN, STATUS) values (210, 1, 'N', 7, 'ENABLED');
insert into CINEMA_SEATS (ID, CINEMA_ID, ROW, COLUMN, STATUS) values (211, 1, 'N', 8, 'ENABLED');
insert into CINEMA_SEATS (ID, CINEMA_ID, ROW, COLUMN, STATUS) values (212, 1, 'N', 9, 'ENABLED');
insert into CINEMA_SEATS (ID, CINEMA_ID, ROW, COLUMN, STATUS) values (213, 1, 'N', 10, 'ENABLED');
insert into CINEMA_SEATS (ID, CINEMA_ID, ROW, COLUMN, STATUS) values (214, 1, 'N', 11, 'ENABLED');
insert into CINEMA_SEATS (ID, CINEMA_ID, ROW, COLUMN, STATUS) values (215, 1, 'N', 12, 'ENABLED');
insert into CINEMA_SEATS (ID, CINEMA_ID, ROW, COLUMN, STATUS) values (216, 1, 'N', 13, 'ENABLED');
insert into CINEMA_SEATS (ID, CINEMA_ID, ROW, COLUMN, STATUS) values (217, 1, 'N', 14, 'ENABLED');
insert into CINEMA_SEATS (ID, CINEMA_ID, ROW, COLUMN, STATUS) values (218, 1, 'N', 15, 'ENABLED');
insert into CINEMA_SEATS (ID, CINEMA_ID, ROW, COLUMN, STATUS) values (219, 1, 'N', 17, 'ENABLED');
insert into CINEMA_SEATS (ID, CINEMA_ID, ROW, COLUMN, STATUS) values (220, 1, 'N', 18, 'ENABLED');
insert into CINEMA_SEATS (ID, CINEMA_ID, ROW, COLUMN, STATUS) values (221, 1, 'N', 19, 'ENABLED');
insert into CINEMA_SEATS (ID, CINEMA_ID, ROW, COLUMN, STATUS) values (222, 1, 'N', 20, 'ENABLED');
insert into CINEMA_SEATS (ID, CINEMA_ID, ROW, COLUMN, STATUS) values (223, 1, 'O', 1, 'ENABLED');
insert into CINEMA_SEATS (ID, CINEMA_ID, ROW, COLUMN, STATUS) values (224, 1, 'O', 2, 'ENABLED');
insert into CINEMA_SEATS (ID, CINEMA_ID, ROW, COLUMN, STATUS) values (225, 1, 'O', 3, 'ENABLED');
insert into CINEMA_SEATS (ID, CINEMA_ID, ROW, COLUMN, STATUS) values (226, 1, 'O', 4, 'ENABLED');
insert into CINEMA_SEATS (ID, CINEMA_ID, ROW, COLUMN, STATUS) values (227, 1, 'O', 6, 'ENABLED');
insert into CINEMA_SEATS (ID, CINEMA_ID, ROW, COLUMN, STATUS) values (228, 1, 'O', 7, 'ENABLED');
insert into CINEMA_SEATS (ID, CINEMA_ID, ROW, COLUMN, STATUS) values (229, 1, 'O', 8, 'ENABLED');
insert into CINEMA_SEATS (ID, CINEMA_ID, ROW, COLUMN, STATUS) values (230, 1, 'O', 9, 'ENABLED');
insert into CINEMA_SEATS (ID, CINEMA_ID, ROW, COLUMN, STATUS) values (231, 1, 'O', 10, 'ENABLED');
insert into CINEMA_SEATS (ID, CINEMA_ID, ROW, COLUMN, STATUS) values (232, 1, 'O', 11, 'ENABLED');
insert into CINEMA_SEATS (ID, CINEMA_ID, ROW, COLUMN, STATUS) values (233, 1, 'O', 12, 'ENABLED');
insert into CINEMA_SEATS (ID, CINEMA_ID, ROW, COLUMN, STATUS) values (234, 1, 'O', 13, 'ENABLED');
insert into CINEMA_SEATS (ID, CINEMA_ID, ROW, COLUMN, STATUS) values (235, 1, 'O', 14, 'ENABLED');
insert into CINEMA_SEATS (ID, CINEMA_ID, ROW, COLUMN, STATUS) values (236, 1, 'O', 15, 'ENABLED');
insert into CINEMA_SEATS (ID, CINEMA_ID, ROW, COLUMN, STATUS) values (237, 1, 'O', 17, 'ENABLED');
insert into CINEMA_SEATS (ID, CINEMA_ID, ROW, COLUMN, STATUS) values (238, 1, 'O', 18, 'ENABLED');
insert into CINEMA_SEATS (ID, CINEMA_ID, ROW, COLUMN, STATUS) values (239, 1, 'O', 19, 'ENABLED');
insert into CINEMA_SEATS (ID, CINEMA_ID, ROW, COLUMN, STATUS) values (240, 1, 'O', 20, 'ENABLED');
insert into CINEMA_SEATS (ID, CINEMA_ID, ROW, COLUMN, STATUS) values (241, 1, 'P', 1, 'ENABLED');
insert into CINEMA_SEATS (ID, CINEMA_ID, ROW, COLUMN, STATUS) values (242, 1, 'P', 2, 'ENABLED');
insert into CINEMA_SEATS (ID, CINEMA_ID, ROW, COLUMN, STATUS) values (243, 1, 'P', 3, 'ENABLED');
insert into CINEMA_SEATS (ID, CINEMA_ID, ROW, COLUMN, STATUS) values (244, 1, 'P', 4, 'ENABLED');
insert into CINEMA_SEATS (ID, CINEMA_ID, ROW, COLUMN, STATUS) values (245, 1, 'P', 17, 'ENABLED');
insert into CINEMA_SEATS (ID, CINEMA_ID, ROW, COLUMN, STATUS) values (246, 1, 'P', 18, 'ENABLED');
insert into CINEMA_SEATS (ID, CINEMA_ID, ROW, COLUMN, STATUS) values (247, 1, 'P', 19, 'ENABLED');
insert into CINEMA_SEATS (ID, CINEMA_ID, ROW, COLUMN, STATUS) values (248, 1, 'P', 20, 'ENABLED');
insert into CINEMA_SEATS (ID, CINEMA_ID, ROW, COLUMN, STATUS) values (249, 1, 'Q', 1, 'ENABLED');
insert into CINEMA_SEATS (ID, CINEMA_ID, ROW, COLUMN, STATUS) values (250, 1, 'Q', 2, 'ENABLED');
insert into CINEMA_SEATS (ID, CINEMA_ID, ROW, COLUMN, STATUS) values (251, 1, 'Q', 3, 'ENABLED');
insert into CINEMA_SEATS (ID, CINEMA_ID, ROW, COLUMN, STATUS) values (252, 1, 'Q', 4, 'ENABLED');
insert into CINEMA_SEATS (ID, CINEMA_ID, ROW, COLUMN, STATUS) values (253, 1, 'Q', 6, 'ENABLED');
insert into CINEMA_SEATS (ID, CINEMA_ID, ROW, COLUMN, STATUS) values (254, 1, 'Q', 7, 'ENABLED');
insert into CINEMA_SEATS (ID, CINEMA_ID, ROW, COLUMN, STATUS) values (255, 1, 'Q', 8, 'ENABLED');
insert into CINEMA_SEATS (ID, CINEMA_ID, ROW, COLUMN, STATUS) values (256, 1, 'Q', 9, 'ENABLED');
insert into CINEMA_SEATS (ID, CINEMA_ID, ROW, COLUMN, STATUS) values (257, 1, 'Q', 10, 'ENABLED');
insert into CINEMA_SEATS (ID, CINEMA_ID, ROW, COLUMN, STATUS) values (258, 1, 'Q', 11, 'ENABLED');
insert into CINEMA_SEATS (ID, CINEMA_ID, ROW, COLUMN, STATUS) values (259, 1, 'Q', 12, 'ENABLED');
insert into CINEMA_SEATS (ID, CINEMA_ID, ROW, COLUMN, STATUS) values (260, 1, 'Q', 13, 'ENABLED');
insert into CINEMA_SEATS (ID, CINEMA_ID, ROW, COLUMN, STATUS) values (261, 1, 'Q', 14, 'ENABLED');
insert into CINEMA_SEATS (ID, CINEMA_ID, ROW, COLUMN, STATUS) values (262, 1, 'Q', 15, 'ENABLED');
insert into CINEMA_SEATS (ID, CINEMA_ID, ROW, COLUMN, STATUS) values (263, 1, 'Q', 17, 'ENABLED');
insert into CINEMA_SEATS (ID, CINEMA_ID, ROW, COLUMN, STATUS) values (264, 1, 'Q', 18, 'ENABLED');
insert into CINEMA_SEATS (ID, CINEMA_ID, ROW, COLUMN, STATUS) values (265, 1, 'Q', 19, 'ENABLED');
insert into CINEMA_SEATS (ID, CINEMA_ID, ROW, COLUMN, STATUS) values (266, 1, 'Q', 20, 'ENABLED');
insert into CINEMA_SEATS (ID, CINEMA_ID, ROW, COLUMN, STATUS) values (267, 1, 'R', 1, 'ENABLED');
insert into CINEMA_SEATS (ID, CINEMA_ID, ROW, COLUMN, STATUS) values (268, 1, 'R', 2, 'ENABLED');
insert into CINEMA_SEATS (ID, CINEMA_ID, ROW, COLUMN, STATUS) values (269, 1, 'R', 3, 'ENABLED');
insert into CINEMA_SEATS (ID, CINEMA_ID, ROW, COLUMN, STATUS) values (270, 1, 'R', 4, 'ENABLED');
insert into CINEMA_SEATS (ID, CINEMA_ID, ROW, COLUMN, STATUS) values (271, 1, 'R', 6, 'ENABLED');
insert into CINEMA_SEATS (ID, CINEMA_ID, ROW, COLUMN, STATUS) values (272, 1, 'R', 7, 'ENABLED');
insert into CINEMA_SEATS (ID, CINEMA_ID, ROW, COLUMN, STATUS) values (273, 1, 'R', 8, 'ENABLED');
insert into CINEMA_SEATS (ID, CINEMA_ID, ROW, COLUMN, STATUS) values (274, 1, 'R', 9, 'ENABLED');
insert into CINEMA_SEATS (ID, CINEMA_ID, ROW, COLUMN, STATUS) values (275, 1, 'R', 10, 'ENABLED');
insert into CINEMA_SEATS (ID, CINEMA_ID, ROW, COLUMN, STATUS) values (276, 1, 'R', 11, 'ENABLED');
insert into CINEMA_SEATS (ID, CINEMA_ID, ROW, COLUMN, STATUS) values (277, 1, 'R', 12, 'ENABLED');
insert into CINEMA_SEATS (ID, CINEMA_ID, ROW, COLUMN, STATUS) values (278, 1, 'R', 13, 'ENABLED');
insert into CINEMA_SEATS (ID, CINEMA_ID, ROW, COLUMN, STATUS) values (279, 1, 'R', 14, 'ENABLED');
insert into CINEMA_SEATS (ID, CINEMA_ID, ROW, COLUMN, STATUS) values (280, 1, 'R', 15, 'ENABLED');
insert into CINEMA_SEATS (ID, CINEMA_ID, ROW, COLUMN, STATUS) values (281, 1, 'R', 17, 'ENABLED');
insert into CINEMA_SEATS (ID, CINEMA_ID, ROW, COLUMN, STATUS) values (282, 1, 'R', 18, 'ENABLED');
insert into CINEMA_SEATS (ID, CINEMA_ID, ROW, COLUMN, STATUS) values (283, 1, 'R', 19, 'ENABLED');
insert into CINEMA_SEATS (ID, CINEMA_ID, ROW, COLUMN, STATUS) values (284, 1, 'R', 20, 'ENABLED');
insert into CINEMA_SEATS (ID, CINEMA_ID, ROW, COLUMN, STATUS) values (285, 1, 'S', 1, 'ENABLED');
insert into CINEMA_SEATS (ID, CINEMA_ID, ROW, COLUMN, STATUS) values (286, 1, 'S', 2, 'ENABLED');
insert into CINEMA_SEATS (ID, CINEMA_ID, ROW, COLUMN, STATUS) values (287, 1, 'S', 3, 'ENABLED');
insert into CINEMA_SEATS (ID, CINEMA_ID, ROW, COLUMN, STATUS) values (288, 1, 'S', 4, 'ENABLED');
insert into CINEMA_SEATS (ID, CINEMA_ID, ROW, COLUMN, STATUS) values (289, 1, 'S', 6, 'ENABLED');
insert into CINEMA_SEATS (ID, CINEMA_ID, ROW, COLUMN, STATUS) values (290, 1, 'S', 7, 'ENABLED');
insert into CINEMA_SEATS (ID, CINEMA_ID, ROW, COLUMN, STATUS) values (291, 1, 'S', 8, 'ENABLED');
insert into CINEMA_SEATS (ID, CINEMA_ID, ROW, COLUMN, STATUS) values (292, 1, 'S', 9, 'ENABLED');
insert into CINEMA_SEATS (ID, CINEMA_ID, ROW, COLUMN, STATUS) values (293, 1, 'S', 10, 'ENABLED');
insert into CINEMA_SEATS (ID, CINEMA_ID, ROW, COLUMN, STATUS) values (294, 1, 'S', 11, 'ENABLED');
insert into CINEMA_SEATS (ID, CINEMA_ID, ROW, COLUMN, STATUS) values (295, 1, 'S', 12, 'ENABLED');
insert into CINEMA_SEATS (ID, CINEMA_ID, ROW, COLUMN, STATUS) values (296, 1, 'S', 13, 'ENABLED');
insert into CINEMA_SEATS (ID, CINEMA_ID, ROW, COLUMN, STATUS) values (297, 1, 'S', 14, 'ENABLED');
insert into CINEMA_SEATS (ID, CINEMA_ID, ROW, COLUMN, STATUS) values (298, 1, 'S', 15, 'ENABLED');
insert into CINEMA_SEATS (ID, CINEMA_ID, ROW, COLUMN, STATUS) values (299, 1, 'S', 17, 'ENABLED');
insert into CINEMA_SEATS (ID, CINEMA_ID, ROW, COLUMN, STATUS) values (300, 1, 'S', 18, 'ENABLED');
insert into CINEMA_SEATS (ID, CINEMA_ID, ROW, COLUMN, STATUS) values (301, 1, 'S', 19, 'ENABLED');
insert into CINEMA_SEATS (ID, CINEMA_ID, ROW, COLUMN, STATUS) values (302, 1, 'S', 20, 'ENABLED');
insert into CINEMA_SEATS (ID, CINEMA_ID, ROW, COLUMN, STATUS) values (303, 2, 'A', 4, 'ENABLED');
insert into CINEMA_SEATS (ID, CINEMA_ID, ROW, COLUMN, STATUS) values (304, 2, 'A', 6, 'ENABLED');
insert into CINEMA_SEATS (ID, CINEMA_ID, ROW, COLUMN, STATUS) values (305, 2, 'A', 7, 'ENABLED');
insert into CINEMA_SEATS (ID, CINEMA_ID, ROW, COLUMN, STATUS) values (306, 2, 'A', 8, 'ENABLED');
insert into CINEMA_SEATS (ID, CINEMA_ID, ROW, COLUMN, STATUS) values (307, 2, 'A', 9, 'ENABLED');
insert into CINEMA_SEATS (ID, CINEMA_ID, ROW, COLUMN, STATUS) values (308, 2, 'A', 10, 'ENABLED');
insert into CINEMA_SEATS (ID, CINEMA_ID, ROW, COLUMN, STATUS) values (309, 2, 'A', 11, 'ENABLED');
insert into CINEMA_SEATS (ID, CINEMA_ID, ROW, COLUMN, STATUS) values (310, 2, 'A', 12, 'ENABLED');
insert into CINEMA_SEATS (ID, CINEMA_ID, ROW, COLUMN, STATUS) values (311, 2, 'A', 13, 'ENABLED');
insert into CINEMA_SEATS (ID, CINEMA_ID, ROW, COLUMN, STATUS) values (312, 2, 'A', 14, 'ENABLED');
insert into CINEMA_SEATS (ID, CINEMA_ID, ROW, COLUMN, STATUS) values (313, 2, 'A', 15, 'ENABLED');
insert into CINEMA_SEATS (ID, CINEMA_ID, ROW, COLUMN, STATUS) values (314, 2, 'A', 17, 'ENABLED');
insert into CINEMA_SEATS (ID, CINEMA_ID, ROW, COLUMN, STATUS) values (315, 2, 'B', 3, 'ENABLED');
insert into CINEMA_SEATS (ID, CINEMA_ID, ROW, COLUMN, STATUS) values (316, 2, 'B', 4, 'ENABLED');
insert into CINEMA_SEATS (ID, CINEMA_ID, ROW, COLUMN, STATUS) values (317, 2, 'B', 6, 'ENABLED');
insert into CINEMA_SEATS (ID, CINEMA_ID, ROW, COLUMN, STATUS) values (318, 2, 'B', 7, 'ENABLED');
insert into CINEMA_SEATS (ID, CINEMA_ID, ROW, COLUMN, STATUS) values (319, 2, 'B', 8, 'ENABLED');
insert into CINEMA_SEATS (ID, CINEMA_ID, ROW, COLUMN, STATUS) values (320, 2, 'B', 9, 'ENABLED');
insert into CINEMA_SEATS (ID, CINEMA_ID, ROW, COLUMN, STATUS) values (321, 2, 'B', 10, 'ENABLED');
insert into CINEMA_SEATS (ID, CINEMA_ID, ROW, COLUMN, STATUS) values (322, 2, 'B', 11, 'ENABLED');
insert into CINEMA_SEATS (ID, CINEMA_ID, ROW, COLUMN, STATUS) values (323, 2, 'B', 12, 'ENABLED');
insert into CINEMA_SEATS (ID, CINEMA_ID, ROW, COLUMN, STATUS) values (324, 2, 'B', 13, 'ENABLED');
insert into CINEMA_SEATS (ID, CINEMA_ID, ROW, COLUMN, STATUS) values (325, 2, 'B', 14, 'ENABLED');
insert into CINEMA_SEATS (ID, CINEMA_ID, ROW, COLUMN, STATUS) values (326, 2, 'B', 15, 'ENABLED');
insert into CINEMA_SEATS (ID, CINEMA_ID, ROW, COLUMN, STATUS) values (327, 2, 'B', 17, 'ENABLED');
insert into CINEMA_SEATS (ID, CINEMA_ID, ROW, COLUMN, STATUS) values (328, 2, 'B', 18, 'ENABLED');
insert into CINEMA_SEATS (ID, CINEMA_ID, ROW, COLUMN, STATUS) values (329, 2, 'C', 2, 'ENABLED');
insert into CINEMA_SEATS (ID, CINEMA_ID, ROW, COLUMN, STATUS) values (330, 2, 'C', 3, 'ENABLED');
insert into CINEMA_SEATS (ID, CINEMA_ID, ROW, COLUMN, STATUS) values (331, 2, 'C', 4, 'ENABLED');
insert into CINEMA_SEATS (ID, CINEMA_ID, ROW, COLUMN, STATUS) values (332, 2, 'C', 6, 'ENABLED');
insert into CINEMA_SEATS (ID, CINEMA_ID, ROW, COLUMN, STATUS) values (333, 2, 'C', 7, 'ENABLED');
insert into CINEMA_SEATS (ID, CINEMA_ID, ROW, COLUMN, STATUS) values (334, 2, 'C', 8, 'ENABLED');
insert into CINEMA_SEATS (ID, CINEMA_ID, ROW, COLUMN, STATUS) values (335, 2, 'C', 9, 'ENABLED');
insert into CINEMA_SEATS (ID, CINEMA_ID, ROW, COLUMN, STATUS) values (336, 2, 'C', 10, 'ENABLED');
insert into CINEMA_SEATS (ID, CINEMA_ID, ROW, COLUMN, STATUS) values (337, 2, 'C', 11, 'ENABLED');
insert into CINEMA_SEATS (ID, CINEMA_ID, ROW, COLUMN, STATUS) values (338, 2, 'C', 12, 'ENABLED');
insert into CINEMA_SEATS (ID, CINEMA_ID, ROW, COLUMN, STATUS) values (339, 2, 'C', 13, 'ENABLED');
insert into CINEMA_SEATS (ID, CINEMA_ID, ROW, COLUMN, STATUS) values (340, 2, 'C', 14, 'ENABLED');
insert into CINEMA_SEATS (ID, CINEMA_ID, ROW, COLUMN, STATUS) values (341, 2, 'C', 15, 'ENABLED');
insert into CINEMA_SEATS (ID, CINEMA_ID, ROW, COLUMN, STATUS) values (342, 2, 'C', 17, 'ENABLED');
insert into CINEMA_SEATS (ID, CINEMA_ID, ROW, COLUMN, STATUS) values (343, 2, 'C', 18, 'ENABLED');
insert into CINEMA_SEATS (ID, CINEMA_ID, ROW, COLUMN, STATUS) values (344, 2, 'C', 19, 'ENABLED');
insert into CINEMA_SEATS (ID, CINEMA_ID, ROW, COLUMN, STATUS) values (345, 2, 'D', 1, 'ENABLED');
insert into CINEMA_SEATS (ID, CINEMA_ID, ROW, COLUMN, STATUS) values (346, 2, 'D', 2, 'ENABLED');
insert into CINEMA_SEATS (ID, CINEMA_ID, ROW, COLUMN, STATUS) values (347, 2, 'D', 3, 'ENABLED');
insert into CINEMA_SEATS (ID, CINEMA_ID, ROW, COLUMN, STATUS) values (348, 2, 'D', 4, 'ENABLED');
insert into CINEMA_SEATS (ID, CINEMA_ID, ROW, COLUMN, STATUS) values (349, 2, 'D', 6, 'ENABLED');
insert into CINEMA_SEATS (ID, CINEMA_ID, ROW, COLUMN, STATUS) values (350, 2, 'D', 7, 'ENABLED');
insert into CINEMA_SEATS (ID, CINEMA_ID, ROW, COLUMN, STATUS) values (351, 2, 'D', 8, 'ENABLED');
insert into CINEMA_SEATS (ID, CINEMA_ID, ROW, COLUMN, STATUS) values (352, 2, 'D', 9, 'ENABLED');
insert into CINEMA_SEATS (ID, CINEMA_ID, ROW, COLUMN, STATUS) values (353, 2, 'D', 10, 'ENABLED');
insert into CINEMA_SEATS (ID, CINEMA_ID, ROW, COLUMN, STATUS) values (354, 2, 'D', 11, 'ENABLED');
insert into CINEMA_SEATS (ID, CINEMA_ID, ROW, COLUMN, STATUS) values (355, 2, 'D', 12, 'ENABLED');
insert into CINEMA_SEATS (ID, CINEMA_ID, ROW, COLUMN, STATUS) values (356, 2, 'D', 13, 'ENABLED');
insert into CINEMA_SEATS (ID, CINEMA_ID, ROW, COLUMN, STATUS) values (357, 2, 'D', 14, 'ENABLED');
insert into CINEMA_SEATS (ID, CINEMA_ID, ROW, COLUMN, STATUS) values (358, 2, 'D', 15, 'ENABLED');
insert into CINEMA_SEATS (ID, CINEMA_ID, ROW, COLUMN, STATUS) values (359, 2, 'D', 17, 'ENABLED');
insert into CINEMA_SEATS (ID, CINEMA_ID, ROW, COLUMN, STATUS) values (360, 2, 'D', 18, 'ENABLED');
insert into CINEMA_SEATS (ID, CINEMA_ID, ROW, COLUMN, STATUS) values (361, 2, 'D', 19, 'ENABLED');
insert into CINEMA_SEATS (ID, CINEMA_ID, ROW, COLUMN, STATUS) values (362, 2, 'D', 20, 'ENABLED');
insert into CINEMA_SEATS (ID, CINEMA_ID, ROW, COLUMN, STATUS) values (363, 2, 'E', 1, 'ENABLED');
insert into CINEMA_SEATS (ID, CINEMA_ID, ROW, COLUMN, STATUS) values (364, 2, 'E', 2, 'ENABLED');
insert into CINEMA_SEATS (ID, CINEMA_ID, ROW, COLUMN, STATUS) values (365, 2, 'E', 3, 'ENABLED');
insert into CINEMA_SEATS (ID, CINEMA_ID, ROW, COLUMN, STATUS) values (366, 2, 'E', 4, 'ENABLED');
insert into CINEMA_SEATS (ID, CINEMA_ID, ROW, COLUMN, STATUS) values (367, 2, 'E', 6, 'ENABLED');
insert into CINEMA_SEATS (ID, CINEMA_ID, ROW, COLUMN, STATUS) values (368, 2, 'E', 7, 'ENABLED');
insert into CINEMA_SEATS (ID, CINEMA_ID, ROW, COLUMN, STATUS) values (369, 2, 'E', 8, 'ENABLED');
insert into CINEMA_SEATS (ID, CINEMA_ID, ROW, COLUMN, STATUS) values (370, 2, 'E', 9, 'ENABLED');
insert into CINEMA_SEATS (ID, CINEMA_ID, ROW, COLUMN, STATUS) values (371, 2, 'E', 10, 'ENABLED');
insert into CINEMA_SEATS (ID, CINEMA_ID, ROW, COLUMN, STATUS) values (372, 2, 'E', 11, 'ENABLED');
insert into CINEMA_SEATS (ID, CINEMA_ID, ROW, COLUMN, STATUS) values (373, 2, 'E', 12, 'ENABLED');
insert into CINEMA_SEATS (ID, CINEMA_ID, ROW, COLUMN, STATUS) values (374, 2, 'E', 13, 'ENABLED');
insert into CINEMA_SEATS (ID, CINEMA_ID, ROW, COLUMN, STATUS) values (375, 2, 'E', 14, 'ENABLED');
insert into CINEMA_SEATS (ID, CINEMA_ID, ROW, COLUMN, STATUS) values (376, 2, 'E', 15, 'ENABLED');
insert into CINEMA_SEATS (ID, CINEMA_ID, ROW, COLUMN, STATUS) values (377, 2, 'E', 17, 'ENABLED');
insert into CINEMA_SEATS (ID, CINEMA_ID, ROW, COLUMN, STATUS) values (378, 2, 'E', 18, 'ENABLED');
insert into CINEMA_SEATS (ID, CINEMA_ID, ROW, COLUMN, STATUS) values (379, 2, 'E', 19, 'ENABLED');
insert into CINEMA_SEATS (ID, CINEMA_ID, ROW, COLUMN, STATUS) values (380, 2, 'E', 20, 'ENABLED');
insert into CINEMA_SEATS (ID, CINEMA_ID, ROW, COLUMN, STATUS) values (381, 2, 'F', 1, 'ENABLED');
insert into CINEMA_SEATS (ID, CINEMA_ID, ROW, COLUMN, STATUS) values (382, 2, 'F', 2, 'ENABLED');
insert into CINEMA_SEATS (ID, CINEMA_ID, ROW, COLUMN, STATUS) values (383, 2, 'F', 3, 'ENABLED');
insert into CINEMA_SEATS (ID, CINEMA_ID, ROW, COLUMN, STATUS) values (384, 2, 'F', 4, 'ENABLED');
insert into CINEMA_SEATS (ID, CINEMA_ID, ROW, COLUMN, STATUS) values (385, 2, 'F', 6, 'ENABLED');
insert into CINEMA_SEATS (ID, CINEMA_ID, ROW, COLUMN, STATUS) values (386, 2, 'F', 7, 'ENABLED');
insert into CINEMA_SEATS (ID, CINEMA_ID, ROW, COLUMN, STATUS) values (387, 2, 'F', 8, 'ENABLED');
insert into CINEMA_SEATS (ID, CINEMA_ID, ROW, COLUMN, STATUS) values (388, 2, 'F', 9, 'ENABLED');
insert into CINEMA_SEATS (ID, CINEMA_ID, ROW, COLUMN, STATUS) values (389, 2, 'F', 10, 'ENABLED');
insert into CINEMA_SEATS (ID, CINEMA_ID, ROW, COLUMN, STATUS) values (390, 2, 'F', 11, 'ENABLED');
insert into CINEMA_SEATS (ID, CINEMA_ID, ROW, COLUMN, STATUS) values (391, 2, 'F', 12, 'ENABLED');
insert into CINEMA_SEATS (ID, CINEMA_ID, ROW, COLUMN, STATUS) values (392, 2, 'F', 13, 'ENABLED');
insert into CINEMA_SEATS (ID, CINEMA_ID, ROW, COLUMN, STATUS) values (393, 2, 'F', 14, 'ENABLED');
insert into CINEMA_SEATS (ID, CINEMA_ID, ROW, COLUMN, STATUS) values (394, 2, 'F', 15, 'ENABLED');
insert into CINEMA_SEATS (ID, CINEMA_ID, ROW, COLUMN, STATUS) values (395, 2, 'F', 17, 'ENABLED');
insert into CINEMA_SEATS (ID, CINEMA_ID, ROW, COLUMN, STATUS) values (396, 2, 'F', 18, 'ENABLED');
insert into CINEMA_SEATS (ID, CINEMA_ID, ROW, COLUMN, STATUS) values (397, 2, 'F', 19, 'ENABLED');
insert into CINEMA_SEATS (ID, CINEMA_ID, ROW, COLUMN, STATUS) values (398, 2, 'F', 20, 'ENABLED');
insert into CINEMA_SEATS (ID, CINEMA_ID, ROW, COLUMN, STATUS) values (399, 2, 'G', 1, 'ENABLED');
insert into CINEMA_SEATS (ID, CINEMA_ID, ROW, COLUMN, STATUS) values (400, 2, 'G', 2, 'ENABLED');
insert into CINEMA_SEATS (ID, CINEMA_ID, ROW, COLUMN, STATUS) values (401, 2, 'G', 3, 'ENABLED');
insert into CINEMA_SEATS (ID, CINEMA_ID, ROW, COLUMN, STATUS) values (402, 2, 'G', 4, 'ENABLED');
insert into CINEMA_SEATS (ID, CINEMA_ID, ROW, COLUMN, STATUS) values (403, 2, 'G', 6, 'ENABLED');
insert into CINEMA_SEATS (ID, CINEMA_ID, ROW, COLUMN, STATUS) values (404, 2, 'G', 7, 'ENABLED');
insert into CINEMA_SEATS (ID, CINEMA_ID, ROW, COLUMN, STATUS) values (405, 2, 'G', 8, 'ENABLED');
insert into CINEMA_SEATS (ID, CINEMA_ID, ROW, COLUMN, STATUS) values (406, 2, 'G', 9, 'ENABLED');
insert into CINEMA_SEATS (ID, CINEMA_ID, ROW, COLUMN, STATUS) values (407, 2, 'G', 10, 'ENABLED');
insert into CINEMA_SEATS (ID, CINEMA_ID, ROW, COLUMN, STATUS) values (408, 2, 'G', 11, 'ENABLED');
insert into CINEMA_SEATS (ID, CINEMA_ID, ROW, COLUMN, STATUS) values (409, 2, 'G', 12, 'ENABLED');
insert into CINEMA_SEATS (ID, CINEMA_ID, ROW, COLUMN, STATUS) values (410, 2, 'G', 13, 'ENABLED');
insert into CINEMA_SEATS (ID, CINEMA_ID, ROW, COLUMN, STATUS) values (411, 2, 'G', 14, 'ENABLED');
insert into CINEMA_SEATS (ID, CINEMA_ID, ROW, COLUMN, STATUS) values (412, 2, 'G', 15, 'ENABLED');
insert into CINEMA_SEATS (ID, CINEMA_ID, ROW, COLUMN, STATUS) values (413, 2, 'G', 17, 'ENABLED');
insert into CINEMA_SEATS (ID, CINEMA_ID, ROW, COLUMN, STATUS) values (414, 2, 'G', 18, 'ENABLED');
insert into CINEMA_SEATS (ID, CINEMA_ID, ROW, COLUMN, STATUS) values (415, 2, 'G', 19, 'ENABLED');
insert into CINEMA_SEATS (ID, CINEMA_ID, ROW, COLUMN, STATUS) values (416, 2, 'G', 20, 'ENABLED');
insert into CINEMA_SEATS (ID, CINEMA_ID, ROW, COLUMN, STATUS) values (417, 2, 'H', 1, 'ENABLED');
insert into CINEMA_SEATS (ID, CINEMA_ID, ROW, COLUMN, STATUS) values (418, 2, 'H', 2, 'ENABLED');
insert into CINEMA_SEATS (ID, CINEMA_ID, ROW, COLUMN, STATUS) values (419, 2, 'H', 3, 'ENABLED');
insert into CINEMA_SEATS (ID, CINEMA_ID, ROW, COLUMN, STATUS) values (420, 2, 'H', 4, 'ENABLED');
insert into CINEMA_SEATS (ID, CINEMA_ID, ROW, COLUMN, STATUS) values (421, 2, 'H', 6, 'ENABLED');
insert into CINEMA_SEATS (ID, CINEMA_ID, ROW, COLUMN, STATUS) values (422, 2, 'H', 7, 'ENABLED');
insert into CINEMA_SEATS (ID, CINEMA_ID, ROW, COLUMN, STATUS) values (423, 2, 'H', 8, 'ENABLED');
insert into CINEMA_SEATS (ID, CINEMA_ID, ROW, COLUMN, STATUS) values (424, 2, 'H', 9, 'ENABLED');
insert into CINEMA_SEATS (ID, CINEMA_ID, ROW, COLUMN, STATUS) values (425, 2, 'H', 10, 'ENABLED');
insert into CINEMA_SEATS (ID, CINEMA_ID, ROW, COLUMN, STATUS) values (426, 2, 'H', 11, 'ENABLED');
insert into CINEMA_SEATS (ID, CINEMA_ID, ROW, COLUMN, STATUS) values (427, 2, 'H', 12, 'ENABLED');
insert into CINEMA_SEATS (ID, CINEMA_ID, ROW, COLUMN, STATUS) values (428, 2, 'H', 13, 'ENABLED');
insert into CINEMA_SEATS (ID, CINEMA_ID, ROW, COLUMN, STATUS) values (429, 2, 'H', 14, 'ENABLED');
insert into CINEMA_SEATS (ID, CINEMA_ID, ROW, COLUMN, STATUS) values (430, 2, 'H', 15, 'ENABLED');
insert into CINEMA_SEATS (ID, CINEMA_ID, ROW, COLUMN, STATUS) values (431, 2, 'H', 17, 'ENABLED');
insert into CINEMA_SEATS (ID, CINEMA_ID, ROW, COLUMN, STATUS) values (432, 2, 'H', 18, 'ENABLED');
insert into CINEMA_SEATS (ID, CINEMA_ID, ROW, COLUMN, STATUS) values (433, 2, 'H', 19, 'ENABLED');
insert into CINEMA_SEATS (ID, CINEMA_ID, ROW, COLUMN, STATUS) values (434, 2, 'H', 20, 'ENABLED');
insert into CINEMA_SEATS (ID, CINEMA_ID, ROW, COLUMN, STATUS) values (435, 2, 'I', 1, 'ENABLED');
insert into CINEMA_SEATS (ID, CINEMA_ID, ROW, COLUMN, STATUS) values (436, 2, 'I', 2, 'ENABLED');
insert into CINEMA_SEATS (ID, CINEMA_ID, ROW, COLUMN, STATUS) values (437, 2, 'I', 3, 'ENABLED');
insert into CINEMA_SEATS (ID, CINEMA_ID, ROW, COLUMN, STATUS) values (438, 2, 'I', 4, 'ENABLED');
insert into CINEMA_SEATS (ID, CINEMA_ID, ROW, COLUMN, STATUS) values (439, 2, 'I', 6, 'ENABLED');
insert into CINEMA_SEATS (ID, CINEMA_ID, ROW, COLUMN, STATUS) values (440, 2, 'I', 7, 'ENABLED');
insert into CINEMA_SEATS (ID, CINEMA_ID, ROW, COLUMN, STATUS) values (441, 2, 'I', 8, 'ENABLED');
insert into CINEMA_SEATS (ID, CINEMA_ID, ROW, COLUMN, STATUS) values (442, 2, 'I', 9, 'ENABLED');
insert into CINEMA_SEATS (ID, CINEMA_ID, ROW, COLUMN, STATUS) values (443, 2, 'I', 10, 'ENABLED');
insert into CINEMA_SEATS (ID, CINEMA_ID, ROW, COLUMN, STATUS) values (444, 2, 'I', 11, 'ENABLED');
insert into CINEMA_SEATS (ID, CINEMA_ID, ROW, COLUMN, STATUS) values (445, 2, 'I', 12, 'ENABLED');
insert into CINEMA_SEATS (ID, CINEMA_ID, ROW, COLUMN, STATUS) values (446, 2, 'I', 13, 'ENABLED');
insert into CINEMA_SEATS (ID, CINEMA_ID, ROW, COLUMN, STATUS) values (447, 2, 'I', 14, 'ENABLED');
insert into CINEMA_SEATS (ID, CINEMA_ID, ROW, COLUMN, STATUS) values (448, 2, 'I', 15, 'ENABLED');
insert into CINEMA_SEATS (ID, CINEMA_ID, ROW, COLUMN, STATUS) values (449, 2, 'I', 17, 'ENABLED');
insert into CINEMA_SEATS (ID, CINEMA_ID, ROW, COLUMN, STATUS) values (450, 2, 'I', 18, 'ENABLED');
insert into CINEMA_SEATS (ID, CINEMA_ID, ROW, COLUMN, STATUS) values (451, 2, 'I', 19, 'ENABLED');
insert into CINEMA_SEATS (ID, CINEMA_ID, ROW, COLUMN, STATUS) values (452, 2, 'I', 20, 'ENABLED');
insert into CINEMA_SEATS (ID, CINEMA_ID, ROW, COLUMN, STATUS) values (453, 2, 'J', 1, 'ENABLED');
insert into CINEMA_SEATS (ID, CINEMA_ID, ROW, COLUMN, STATUS) values (454, 2, 'J', 2, 'ENABLED');
insert into CINEMA_SEATS (ID, CINEMA_ID, ROW, COLUMN, STATUS) values (455, 2, 'J', 3, 'ENABLED');
insert into CINEMA_SEATS (ID, CINEMA_ID, ROW, COLUMN, STATUS) values (456, 2, 'J', 4, 'ENABLED');
insert into CINEMA_SEATS (ID, CINEMA_ID, ROW, COLUMN, STATUS) values (457, 2, 'J', 6, 'ENABLED');
insert into CINEMA_SEATS (ID, CINEMA_ID, ROW, COLUMN, STATUS) values (458, 2, 'J', 7, 'ENABLED');
insert into CINEMA_SEATS (ID, CINEMA_ID, ROW, COLUMN, STATUS) values (459, 2, 'J', 8, 'ENABLED');
insert into CINEMA_SEATS (ID, CINEMA_ID, ROW, COLUMN, STATUS) values (460, 2, 'J', 9, 'ENABLED');
insert into CINEMA_SEATS (ID, CINEMA_ID, ROW, COLUMN, STATUS) values (461, 2, 'J', 10, 'ENABLED');
insert into CINEMA_SEATS (ID, CINEMA_ID, ROW, COLUMN, STATUS) values (462, 2, 'J', 11, 'ENABLED');
insert into CINEMA_SEATS (ID, CINEMA_ID, ROW, COLUMN, STATUS) values (463, 2, 'J', 12, 'ENABLED');
insert into CINEMA_SEATS (ID, CINEMA_ID, ROW, COLUMN, STATUS) values (464, 2, 'J', 13, 'ENABLED');
insert into CINEMA_SEATS (ID, CINEMA_ID, ROW, COLUMN, STATUS) values (465, 2, 'J', 14, 'ENABLED');
insert into CINEMA_SEATS (ID, CINEMA_ID, ROW, COLUMN, STATUS) values (466, 2, 'J', 15, 'ENABLED');
insert into CINEMA_SEATS (ID, CINEMA_ID, ROW, COLUMN, STATUS) values (467, 2, 'J', 17, 'ENABLED');
insert into CINEMA_SEATS (ID, CINEMA_ID, ROW, COLUMN, STATUS) values (468, 2, 'J', 18, 'ENABLED');
insert into CINEMA_SEATS (ID, CINEMA_ID, ROW, COLUMN, STATUS) values (469, 2, 'J', 19, 'ENABLED');
insert into CINEMA_SEATS (ID, CINEMA_ID, ROW, COLUMN, STATUS) values (470, 2, 'J', 20, 'ENABLED');
insert into CINEMA_SEATS (ID, CINEMA_ID, ROW, COLUMN, STATUS) values (471, 2, 'L', 1, 'ENABLED');
insert into CINEMA_SEATS (ID, CINEMA_ID, ROW, COLUMN, STATUS) values (472, 2, 'L', 2, 'ENABLED');
insert into CINEMA_SEATS (ID, CINEMA_ID, ROW, COLUMN, STATUS) values (473, 2, 'L', 3, 'ENABLED');
insert into CINEMA_SEATS (ID, CINEMA_ID, ROW, COLUMN, STATUS) values (474, 2, 'L', 4, 'ENABLED');
insert into CINEMA_SEATS (ID, CINEMA_ID, ROW, COLUMN, STATUS) values (475, 2, 'L', 6, 'ENABLED');
insert into CINEMA_SEATS (ID, CINEMA_ID, ROW, COLUMN, STATUS) values (476, 2, 'L', 7, 'ENABLED');
insert into CINEMA_SEATS (ID, CINEMA_ID, ROW, COLUMN, STATUS) values (477, 2, 'L', 8, 'ENABLED');
insert into CINEMA_SEATS (ID, CINEMA_ID, ROW, COLUMN, STATUS) values (478, 2, 'L', 9, 'ENABLED');
insert into CINEMA_SEATS (ID, CINEMA_ID, ROW, COLUMN, STATUS) values (479, 2, 'L', 10, 'ENABLED');
insert into CINEMA_SEATS (ID, CINEMA_ID, ROW, COLUMN, STATUS) values (480, 2, 'L', 11, 'ENABLED');
insert into CINEMA_SEATS (ID, CINEMA_ID, ROW, COLUMN, STATUS) values (481, 2, 'L', 12, 'ENABLED');
insert into CINEMA_SEATS (ID, CINEMA_ID, ROW, COLUMN, STATUS) values (482, 2, 'L', 13, 'ENABLED');
insert into CINEMA_SEATS (ID, CINEMA_ID, ROW, COLUMN, STATUS) values (483, 2, 'L', 14, 'ENABLED');
insert into CINEMA_SEATS (ID, CINEMA_ID, ROW, COLUMN, STATUS) values (484, 2, 'L', 15, 'ENABLED');
insert into CINEMA_SEATS (ID, CINEMA_ID, ROW, COLUMN, STATUS) values (485, 2, 'L', 17, 'ENABLED');
insert into CINEMA_SEATS (ID, CINEMA_ID, ROW, COLUMN, STATUS) values (486, 2, 'L', 18, 'ENABLED');
insert into CINEMA_SEATS (ID, CINEMA_ID, ROW, COLUMN, STATUS) values (487, 2, 'L', 19, 'ENABLED');
insert into CINEMA_SEATS (ID, CINEMA_ID, ROW, COLUMN, STATUS) values (488, 2, 'L', 20, 'ENABLED');
insert into CINEMA_SEATS (ID, CINEMA_ID, ROW, COLUMN, STATUS) values (489, 2, 'M', 1, 'ENABLED');
insert into CINEMA_SEATS (ID, CINEMA_ID, ROW, COLUMN, STATUS) values (490, 2, 'M', 2, 'ENABLED');
insert into CINEMA_SEATS (ID, CINEMA_ID, ROW, COLUMN, STATUS) values (491, 2, 'M', 3, 'ENABLED');
insert into CINEMA_SEATS (ID, CINEMA_ID, ROW, COLUMN, STATUS) values (492, 2, 'M', 4, 'ENABLED');
insert into CINEMA_SEATS (ID, CINEMA_ID, ROW, COLUMN, STATUS) values (493, 2, 'M', 6, 'ENABLED');
insert into CINEMA_SEATS (ID, CINEMA_ID, ROW, COLUMN, STATUS) values (494, 2, 'M', 7, 'ENABLED');
insert into CINEMA_SEATS (ID, CINEMA_ID, ROW, COLUMN, STATUS) values (495, 2, 'M', 8, 'ENABLED');
insert into CINEMA_SEATS (ID, CINEMA_ID, ROW, COLUMN, STATUS) values (496, 2, 'M', 9, 'ENABLED');
insert into CINEMA_SEATS (ID, CINEMA_ID, ROW, COLUMN, STATUS) values (497, 2, 'M', 10, 'ENABLED');
insert into CINEMA_SEATS (ID, CINEMA_ID, ROW, COLUMN, STATUS) values (498, 2, 'M', 11, 'ENABLED');
insert into CINEMA_SEATS (ID, CINEMA_ID, ROW, COLUMN, STATUS) values (499, 2, 'M', 12, 'ENABLED');
insert into CINEMA_SEATS (ID, CINEMA_ID, ROW, COLUMN, STATUS) values (500, 2, 'M', 13, 'ENABLED');
insert into CINEMA_SEATS (ID, CINEMA_ID, ROW, COLUMN, STATUS) values (501, 2, 'M', 14, 'ENABLED');
insert into CINEMA_SEATS (ID, CINEMA_ID, ROW, COLUMN, STATUS) values (502, 2, 'M', 15, 'ENABLED');
insert into CINEMA_SEATS (ID, CINEMA_ID, ROW, COLUMN, STATUS) values (503, 2, 'M', 17, 'ENABLED');
insert into CINEMA_SEATS (ID, CINEMA_ID, ROW, COLUMN, STATUS) values (504, 2, 'M', 18, 'ENABLED');
insert into CINEMA_SEATS (ID, CINEMA_ID, ROW, COLUMN, STATUS) values (505, 2, 'M', 19, 'ENABLED');
insert into CINEMA_SEATS (ID, CINEMA_ID, ROW, COLUMN, STATUS) values (506, 2, 'M', 20, 'ENABLED');
insert into CINEMA_SEATS (ID, CINEMA_ID, ROW, COLUMN, STATUS) values (507, 2, 'N', 1, 'ENABLED');
insert into CINEMA_SEATS (ID, CINEMA_ID, ROW, COLUMN, STATUS) values (508, 2, 'N', 2, 'ENABLED');
insert into CINEMA_SEATS (ID, CINEMA_ID, ROW, COLUMN, STATUS) values (509, 2, 'N', 3, 'ENABLED');
insert into CINEMA_SEATS (ID, CINEMA_ID, ROW, COLUMN, STATUS) values (510, 2, 'N', 4, 'ENABLED');
insert into CINEMA_SEATS (ID, CINEMA_ID, ROW, COLUMN, STATUS) values (511, 2, 'N', 6, 'ENABLED');
insert into CINEMA_SEATS (ID, CINEMA_ID, ROW, COLUMN, STATUS) values (512, 2, 'N', 7, 'ENABLED');
insert into CINEMA_SEATS (ID, CINEMA_ID, ROW, COLUMN, STATUS) values (513, 2, 'N', 8, 'ENABLED');
insert into CINEMA_SEATS (ID, CINEMA_ID, ROW, COLUMN, STATUS) values (514, 2, 'N', 9, 'ENABLED');
insert into CINEMA_SEATS (ID, CINEMA_ID, ROW, COLUMN, STATUS) values (515, 2, 'N', 10, 'ENABLED');
insert into CINEMA_SEATS (ID, CINEMA_ID, ROW, COLUMN, STATUS) values (516, 2, 'N', 11, 'ENABLED');
insert into CINEMA_SEATS (ID, CINEMA_ID, ROW, COLUMN, STATUS) values (517, 2, 'N', 12, 'ENABLED');
insert into CINEMA_SEATS (ID, CINEMA_ID, ROW, COLUMN, STATUS) values (518, 2, 'N', 13, 'ENABLED');
insert into CINEMA_SEATS (ID, CINEMA_ID, ROW, COLUMN, STATUS) values (519, 2, 'N', 14, 'ENABLED');
insert into CINEMA_SEATS (ID, CINEMA_ID, ROW, COLUMN, STATUS) values (520, 2, 'N', 15, 'ENABLED');
insert into CINEMA_SEATS (ID, CINEMA_ID, ROW, COLUMN, STATUS) values (521, 2, 'N', 17, 'ENABLED');
insert into CINEMA_SEATS (ID, CINEMA_ID, ROW, COLUMN, STATUS) values (522, 2, 'N', 18, 'ENABLED');
insert into CINEMA_SEATS (ID, CINEMA_ID, ROW, COLUMN, STATUS) values (523, 2, 'N', 19, 'ENABLED');
insert into CINEMA_SEATS (ID, CINEMA_ID, ROW, COLUMN, STATUS) values (524, 2, 'N', 20, 'ENABLED');
insert into CINEMA_SEATS (ID, CINEMA_ID, ROW, COLUMN, STATUS) values (525, 2, 'O', 1, 'ENABLED');
insert into CINEMA_SEATS (ID, CINEMA_ID, ROW, COLUMN, STATUS) values (526, 2, 'O', 2, 'ENABLED');
insert into CINEMA_SEATS (ID, CINEMA_ID, ROW, COLUMN, STATUS) values (527, 2, 'O', 3, 'ENABLED');
insert into CINEMA_SEATS (ID, CINEMA_ID, ROW, COLUMN, STATUS) values (528, 2, 'O', 4, 'ENABLED');
insert into CINEMA_SEATS (ID, CINEMA_ID, ROW, COLUMN, STATUS) values (529, 2, 'O', 6, 'ENABLED');
insert into CINEMA_SEATS (ID, CINEMA_ID, ROW, COLUMN, STATUS) values (530, 2, 'O', 7, 'ENABLED');
insert into CINEMA_SEATS (ID, CINEMA_ID, ROW, COLUMN, STATUS) values (531, 2, 'O', 8, 'ENABLED');
insert into CINEMA_SEATS (ID, CINEMA_ID, ROW, COLUMN, STATUS) values (532, 2, 'O', 9, 'ENABLED');
insert into CINEMA_SEATS (ID, CINEMA_ID, ROW, COLUMN, STATUS) values (533, 2, 'O', 10, 'ENABLED');
insert into CINEMA_SEATS (ID, CINEMA_ID, ROW, COLUMN, STATUS) values (534, 2, 'O', 11, 'ENABLED');
insert into CINEMA_SEATS (ID, CINEMA_ID, ROW, COLUMN, STATUS) values (535, 2, 'O', 12, 'ENABLED');
insert into CINEMA_SEATS (ID, CINEMA_ID, ROW, COLUMN, STATUS) values (536, 2, 'O', 13, 'ENABLED');
insert into CINEMA_SEATS (ID, CINEMA_ID, ROW, COLUMN, STATUS) values (537, 2, 'O', 14, 'ENABLED');
insert into CINEMA_SEATS (ID, CINEMA_ID, ROW, COLUMN, STATUS) values (538, 2, 'O', 15, 'ENABLED');
insert into CINEMA_SEATS (ID, CINEMA_ID, ROW, COLUMN, STATUS) values (539, 2, 'O', 17, 'ENABLED');
insert into CINEMA_SEATS (ID, CINEMA_ID, ROW, COLUMN, STATUS) values (540, 2, 'O', 18, 'ENABLED');
insert into CINEMA_SEATS (ID, CINEMA_ID, ROW, COLUMN, STATUS) values (541, 2, 'O', 19, 'ENABLED');
insert into CINEMA_SEATS (ID, CINEMA_ID, ROW, COLUMN, STATUS) values (542, 2, 'O', 20, 'ENABLED');
insert into CINEMA_SEATS (ID, CINEMA_ID, ROW, COLUMN, STATUS) values (543, 2, 'P', 1, 'ENABLED');
insert into CINEMA_SEATS (ID, CINEMA_ID, ROW, COLUMN, STATUS) values (544, 2, 'P', 2, 'ENABLED');
insert into CINEMA_SEATS (ID, CINEMA_ID, ROW, COLUMN, STATUS) values (545, 2, 'P', 3, 'ENABLED');
insert into CINEMA_SEATS (ID, CINEMA_ID, ROW, COLUMN, STATUS) values (546, 2, 'P', 4, 'ENABLED');
insert into CINEMA_SEATS (ID, CINEMA_ID, ROW, COLUMN, STATUS) values (547, 2, 'P', 17, 'ENABLED');
insert into CINEMA_SEATS (ID, CINEMA_ID, ROW, COLUMN, STATUS) values (548, 2, 'P', 18, 'ENABLED');
insert into CINEMA_SEATS (ID, CINEMA_ID, ROW, COLUMN, STATUS) values (549, 2, 'P', 19, 'ENABLED');
insert into CINEMA_SEATS (ID, CINEMA_ID, ROW, COLUMN, STATUS) values (550, 2, 'P', 20, 'ENABLED');
insert into CINEMA_SEATS (ID, CINEMA_ID, ROW, COLUMN, STATUS) values (551, 2, 'Q', 1, 'ENABLED');
insert into CINEMA_SEATS (ID, CINEMA_ID, ROW, COLUMN, STATUS) values (552, 2, 'Q', 2, 'ENABLED');
insert into CINEMA_SEATS (ID, CINEMA_ID, ROW, COLUMN, STATUS) values (553, 2, 'Q', 3, 'ENABLED');
insert into CINEMA_SEATS (ID, CINEMA_ID, ROW, COLUMN, STATUS) values (554, 2, 'Q', 4, 'ENABLED');
insert into CINEMA_SEATS (ID, CINEMA_ID, ROW, COLUMN, STATUS) values (555, 2, 'Q', 6, 'ENABLED');
insert into CINEMA_SEATS (ID, CINEMA_ID, ROW, COLUMN, STATUS) values (556, 2, 'Q', 7, 'ENABLED');
insert into CINEMA_SEATS (ID, CINEMA_ID, ROW, COLUMN, STATUS) values (557, 2, 'Q', 8, 'ENABLED');
insert into CINEMA_SEATS (ID, CINEMA_ID, ROW, COLUMN, STATUS) values (558, 2, 'Q', 9, 'ENABLED');
insert into CINEMA_SEATS (ID, CINEMA_ID, ROW, COLUMN, STATUS) values (559, 2, 'Q', 10, 'ENABLED');
insert into CINEMA_SEATS (ID, CINEMA_ID, ROW, COLUMN, STATUS) values (560, 2, 'Q', 11, 'ENABLED');
insert into CINEMA_SEATS (ID, CINEMA_ID, ROW, COLUMN, STATUS) values (561, 2, 'Q', 12, 'ENABLED');
insert into CINEMA_SEATS (ID, CINEMA_ID, ROW, COLUMN, STATUS) values (562, 2, 'Q', 13, 'ENABLED');
insert into CINEMA_SEATS (ID, CINEMA_ID, ROW, COLUMN, STATUS) values (563, 2, 'Q', 14, 'ENABLED');
insert into CINEMA_SEATS (ID, CINEMA_ID, ROW, COLUMN, STATUS) values (564, 2, 'Q', 15, 'ENABLED');
insert into CINEMA_SEATS (ID, CINEMA_ID, ROW, COLUMN, STATUS) values (565, 2, 'Q', 17, 'ENABLED');
insert into CINEMA_SEATS (ID, CINEMA_ID, ROW, COLUMN, STATUS) values (566, 2, 'Q', 18, 'ENABLED');
insert into CINEMA_SEATS (ID, CINEMA_ID, ROW, COLUMN, STATUS) values (567, 2, 'Q', 19, 'ENABLED');
insert into CINEMA_SEATS (ID, CINEMA_ID, ROW, COLUMN, STATUS) values (568, 2, 'Q', 20, 'ENABLED');
insert into CINEMA_SEATS (ID, CINEMA_ID, ROW, COLUMN, STATUS) values (569, 2, 'R', 1, 'ENABLED');
insert into CINEMA_SEATS (ID, CINEMA_ID, ROW, COLUMN, STATUS) values (570, 2, 'R', 2, 'ENABLED');
insert into CINEMA_SEATS (ID, CINEMA_ID, ROW, COLUMN, STATUS) values (571, 2, 'R', 3, 'ENABLED');
insert into CINEMA_SEATS (ID, CINEMA_ID, ROW, COLUMN, STATUS) values (572, 2, 'R', 4, 'ENABLED');
insert into CINEMA_SEATS (ID, CINEMA_ID, ROW, COLUMN, STATUS) values (573, 2, 'R', 6, 'ENABLED');
insert into CINEMA_SEATS (ID, CINEMA_ID, ROW, COLUMN, STATUS) values (574, 2, 'R', 7, 'ENABLED');
insert into CINEMA_SEATS (ID, CINEMA_ID, ROW, COLUMN, STATUS) values (575, 2, 'R', 8, 'ENABLED');
insert into CINEMA_SEATS (ID, CINEMA_ID, ROW, COLUMN, STATUS) values (576, 2, 'R', 9, 'ENABLED');
insert into CINEMA_SEATS (ID, CINEMA_ID, ROW, COLUMN, STATUS) values (577, 2, 'R', 10, 'ENABLED');
insert into CINEMA_SEATS (ID, CINEMA_ID, ROW, COLUMN, STATUS) values (578, 2, 'R', 11, 'ENABLED');
insert into CINEMA_SEATS (ID, CINEMA_ID, ROW, COLUMN, STATUS) values (579, 2, 'R', 12, 'ENABLED');
insert into CINEMA_SEATS (ID, CINEMA_ID, ROW, COLUMN, STATUS) values (580, 2, 'R', 13, 'ENABLED');
insert into CINEMA_SEATS (ID, CINEMA_ID, ROW, COLUMN, STATUS) values (581, 2, 'R', 14, 'ENABLED');
insert into CINEMA_SEATS (ID, CINEMA_ID, ROW, COLUMN, STATUS) values (582, 2, 'R', 15, 'ENABLED');
insert into CINEMA_SEATS (ID, CINEMA_ID, ROW, COLUMN, STATUS) values (583, 2, 'R', 17, 'ENABLED');
insert into CINEMA_SEATS (ID, CINEMA_ID, ROW, COLUMN, STATUS) values (584, 2, 'R', 18, 'ENABLED');
insert into CINEMA_SEATS (ID, CINEMA_ID, ROW, COLUMN, STATUS) values (585, 2, 'R', 19, 'ENABLED');
insert into CINEMA_SEATS (ID, CINEMA_ID, ROW, COLUMN, STATUS) values (586, 2, 'R', 20, 'ENABLED');
insert into CINEMA_SEATS (ID, CINEMA_ID, ROW, COLUMN, STATUS) values (587, 2, 'S', 1, 'ENABLED');
insert into CINEMA_SEATS (ID, CINEMA_ID, ROW, COLUMN, STATUS) values (588, 2, 'S', 2, 'ENABLED');
insert into CINEMA_SEATS (ID, CINEMA_ID, ROW, COLUMN, STATUS) values (589, 2, 'S', 3, 'ENABLED');
insert into CINEMA_SEATS (ID, CINEMA_ID, ROW, COLUMN, STATUS) values (590, 2, 'S', 4, 'ENABLED');
insert into CINEMA_SEATS (ID, CINEMA_ID, ROW, COLUMN, STATUS) values (591, 2, 'S', 6, 'ENABLED');
insert into CINEMA_SEATS (ID, CINEMA_ID, ROW, COLUMN, STATUS) values (592, 2, 'S', 7, 'ENABLED');
insert into CINEMA_SEATS (ID, CINEMA_ID, ROW, COLUMN, STATUS) values (593, 2, 'S', 8, 'ENABLED');
insert into CINEMA_SEATS (ID, CINEMA_ID, ROW, COLUMN, STATUS) values (594, 2, 'S', 9, 'ENABLED');
insert into CINEMA_SEATS (ID, CINEMA_ID, ROW, COLUMN, STATUS) values (595, 2, 'S', 10, 'ENABLED');
insert into CINEMA_SEATS (ID, CINEMA_ID, ROW, COLUMN, STATUS) values (596, 2, 'S', 11, 'ENABLED');
insert into CINEMA_SEATS (ID, CINEMA_ID, ROW, COLUMN, STATUS) values (597, 2, 'S', 12, 'ENABLED');
insert into CINEMA_SEATS (ID, CINEMA_ID, ROW, COLUMN, STATUS) values (598, 2, 'S', 13, 'ENABLED');
insert into CINEMA_SEATS (ID, CINEMA_ID, ROW, COLUMN, STATUS) values (599, 2, 'S', 14, 'ENABLED');
insert into CINEMA_SEATS (ID, CINEMA_ID, ROW, COLUMN, STATUS) values (600, 2, 'S', 15, 'ENABLED');
insert into CINEMA_SEATS (ID, CINEMA_ID, ROW, COLUMN, STATUS) values (601, 2, 'S', 17, 'ENABLED');
insert into CINEMA_SEATS (ID, CINEMA_ID, ROW, COLUMN, STATUS) values (602, 2, 'S', 18, 'ENABLED');
insert into CINEMA_SEATS (ID, CINEMA_ID, ROW, COLUMN, STATUS) values (603, 2, 'S', 19, 'ENABLED');
insert into CINEMA_SEATS (ID, CINEMA_ID, ROW, COLUMN, STATUS) values (604, 2, 'S', 20, 'ENABLED');
insert into CINEMA_SEATS (ID, CINEMA_ID, ROW, COLUMN, STATUS) values (605, 3, 'A', 4, 'ENABLED');
insert into CINEMA_SEATS (ID, CINEMA_ID, ROW, COLUMN, STATUS) values (606, 3, 'A', 6, 'ENABLED');
insert into CINEMA_SEATS (ID, CINEMA_ID, ROW, COLUMN, STATUS) values (607, 3, 'A', 7, 'ENABLED');
insert into CINEMA_SEATS (ID, CINEMA_ID, ROW, COLUMN, STATUS) values (608, 3, 'A', 8, 'ENABLED');
insert into CINEMA_SEATS (ID, CINEMA_ID, ROW, COLUMN, STATUS) values (609, 3, 'A', 9, 'ENABLED');
insert into CINEMA_SEATS (ID, CINEMA_ID, ROW, COLUMN, STATUS) values (610, 3, 'A', 10, 'ENABLED');
insert into CINEMA_SEATS (ID, CINEMA_ID, ROW, COLUMN, STATUS) values (611, 3, 'A', 11, 'ENABLED');
insert into CINEMA_SEATS (ID, CINEMA_ID, ROW, COLUMN, STATUS) values (612, 3, 'A', 12, 'ENABLED');
insert into CINEMA_SEATS (ID, CINEMA_ID, ROW, COLUMN, STATUS) values (613, 3, 'A', 13, 'ENABLED');
insert into CINEMA_SEATS (ID, CINEMA_ID, ROW, COLUMN, STATUS) values (614, 3, 'A', 14, 'ENABLED');
insert into CINEMA_SEATS (ID, CINEMA_ID, ROW, COLUMN, STATUS) values (615, 3, 'A', 15, 'ENABLED');
insert into CINEMA_SEATS (ID, CINEMA_ID, ROW, COLUMN, STATUS) values (616, 3, 'A', 17, 'ENABLED');
insert into CINEMA_SEATS (ID, CINEMA_ID, ROW, COLUMN, STATUS) values (617, 3, 'B', 3, 'ENABLED');
insert into CINEMA_SEATS (ID, CINEMA_ID, ROW, COLUMN, STATUS) values (618, 3, 'B', 4, 'ENABLED');
insert into CINEMA_SEATS (ID, CINEMA_ID, ROW, COLUMN, STATUS) values (619, 3, 'B', 6, 'ENABLED');
insert into CINEMA_SEATS (ID, CINEMA_ID, ROW, COLUMN, STATUS) values (620, 3, 'B', 7, 'ENABLED');
insert into CINEMA_SEATS (ID, CINEMA_ID, ROW, COLUMN, STATUS) values (621, 3, 'B', 8, 'ENABLED');
insert into CINEMA_SEATS (ID, CINEMA_ID, ROW, COLUMN, STATUS) values (622, 3, 'B', 9, 'ENABLED');
insert into CINEMA_SEATS (ID, CINEMA_ID, ROW, COLUMN, STATUS) values (623, 3, 'B', 10, 'ENABLED');
insert into CINEMA_SEATS (ID, CINEMA_ID, ROW, COLUMN, STATUS) values (624, 3, 'B', 11, 'ENABLED');
insert into CINEMA_SEATS (ID, CINEMA_ID, ROW, COLUMN, STATUS) values (625, 3, 'B', 12, 'ENABLED');
insert into CINEMA_SEATS (ID, CINEMA_ID, ROW, COLUMN, STATUS) values (626, 3, 'B', 13, 'ENABLED');
insert into CINEMA_SEATS (ID, CINEMA_ID, ROW, COLUMN, STATUS) values (627, 3, 'B', 14, 'ENABLED');
insert into CINEMA_SEATS (ID, CINEMA_ID, ROW, COLUMN, STATUS) values (628, 3, 'B', 15, 'ENABLED');
insert into CINEMA_SEATS (ID, CINEMA_ID, ROW, COLUMN, STATUS) values (629, 3, 'B', 17, 'ENABLED');
insert into CINEMA_SEATS (ID, CINEMA_ID, ROW, COLUMN, STATUS) values (630, 3, 'B', 18, 'ENABLED');
insert into CINEMA_SEATS (ID, CINEMA_ID, ROW, COLUMN, STATUS) values (631, 3, 'C', 2, 'ENABLED');
insert into CINEMA_SEATS (ID, CINEMA_ID, ROW, COLUMN, STATUS) values (632, 3, 'C', 3, 'ENABLED');
insert into CINEMA_SEATS (ID, CINEMA_ID, ROW, COLUMN, STATUS) values (633, 3, 'C', 4, 'ENABLED');
insert into CINEMA_SEATS (ID, CINEMA_ID, ROW, COLUMN, STATUS) values (634, 3, 'C', 6, 'ENABLED');
insert into CINEMA_SEATS (ID, CINEMA_ID, ROW, COLUMN, STATUS) values (635, 3, 'C', 7, 'ENABLED');
insert into CINEMA_SEATS (ID, CINEMA_ID, ROW, COLUMN, STATUS) values (636, 3, 'C', 8, 'ENABLED');
insert into CINEMA_SEATS (ID, CINEMA_ID, ROW, COLUMN, STATUS) values (637, 3, 'C', 9, 'ENABLED');
insert into CINEMA_SEATS (ID, CINEMA_ID, ROW, COLUMN, STATUS) values (638, 3, 'C', 10, 'ENABLED');
insert into CINEMA_SEATS (ID, CINEMA_ID, ROW, COLUMN, STATUS) values (639, 3, 'C', 11, 'ENABLED');
insert into CINEMA_SEATS (ID, CINEMA_ID, ROW, COLUMN, STATUS) values (640, 3, 'C', 12, 'ENABLED');
insert into CINEMA_SEATS (ID, CINEMA_ID, ROW, COLUMN, STATUS) values (641, 3, 'C', 13, 'ENABLED');
insert into CINEMA_SEATS (ID, CINEMA_ID, ROW, COLUMN, STATUS) values (642, 3, 'C', 14, 'ENABLED');
insert into CINEMA_SEATS (ID, CINEMA_ID, ROW, COLUMN, STATUS) values (643, 3, 'C', 15, 'ENABLED');
insert into CINEMA_SEATS (ID, CINEMA_ID, ROW, COLUMN, STATUS) values (644, 3, 'C', 17, 'ENABLED');
insert into CINEMA_SEATS (ID, CINEMA_ID, ROW, COLUMN, STATUS) values (645, 3, 'C', 18, 'ENABLED');
insert into CINEMA_SEATS (ID, CINEMA_ID, ROW, COLUMN, STATUS) values (646, 3, 'C', 19, 'ENABLED');
insert into CINEMA_SEATS (ID, CINEMA_ID, ROW, COLUMN, STATUS) values (647, 3, 'D', 1, 'ENABLED');
insert into CINEMA_SEATS (ID, CINEMA_ID, ROW, COLUMN, STATUS) values (648, 3, 'D', 2, 'ENABLED');
insert into CINEMA_SEATS (ID, CINEMA_ID, ROW, COLUMN, STATUS) values (649, 3, 'D', 3, 'ENABLED');
insert into CINEMA_SEATS (ID, CINEMA_ID, ROW, COLUMN, STATUS) values (650, 3, 'D', 4, 'ENABLED');
insert into CINEMA_SEATS (ID, CINEMA_ID, ROW, COLUMN, STATUS) values (651, 3, 'D', 6, 'ENABLED');
insert into CINEMA_SEATS (ID, CINEMA_ID, ROW, COLUMN, STATUS) values (652, 3, 'D', 7, 'ENABLED');
insert into CINEMA_SEATS (ID, CINEMA_ID, ROW, COLUMN, STATUS) values (653, 3, 'D', 8, 'ENABLED');
insert into CINEMA_SEATS (ID, CINEMA_ID, ROW, COLUMN, STATUS) values (654, 3, 'D', 9, 'ENABLED');
insert into CINEMA_SEATS (ID, CINEMA_ID, ROW, COLUMN, STATUS) values (655, 3, 'D', 10, 'ENABLED');
insert into CINEMA_SEATS (ID, CINEMA_ID, ROW, COLUMN, STATUS) values (656, 3, 'D', 11, 'ENABLED');
insert into CINEMA_SEATS (ID, CINEMA_ID, ROW, COLUMN, STATUS) values (657, 3, 'D', 12, 'ENABLED');
insert into CINEMA_SEATS (ID, CINEMA_ID, ROW, COLUMN, STATUS) values (658, 3, 'D', 13, 'ENABLED');
insert into CINEMA_SEATS (ID, CINEMA_ID, ROW, COLUMN, STATUS) values (659, 3, 'D', 14, 'ENABLED');
insert into CINEMA_SEATS (ID, CINEMA_ID, ROW, COLUMN, STATUS) values (660, 3, 'D', 15, 'ENABLED');
insert into CINEMA_SEATS (ID, CINEMA_ID, ROW, COLUMN, STATUS) values (661, 3, 'D', 17, 'ENABLED');
insert into CINEMA_SEATS (ID, CINEMA_ID, ROW, COLUMN, STATUS) values (662, 3, 'D', 18, 'ENABLED');
insert into CINEMA_SEATS (ID, CINEMA_ID, ROW, COLUMN, STATUS) values (663, 3, 'D', 19, 'ENABLED');
insert into CINEMA_SEATS (ID, CINEMA_ID, ROW, COLUMN, STATUS) values (664, 3, 'D', 20, 'ENABLED');
insert into CINEMA_SEATS (ID, CINEMA_ID, ROW, COLUMN, STATUS) values (665, 3, 'E', 1, 'ENABLED');
insert into CINEMA_SEATS (ID, CINEMA_ID, ROW, COLUMN, STATUS) values (666, 3, 'E', 2, 'ENABLED');
insert into CINEMA_SEATS (ID, CINEMA_ID, ROW, COLUMN, STATUS) values (667, 3, 'E', 3, 'ENABLED');
insert into CINEMA_SEATS (ID, CINEMA_ID, ROW, COLUMN, STATUS) values (668, 3, 'E', 4, 'ENABLED');
insert into CINEMA_SEATS (ID, CINEMA_ID, ROW, COLUMN, STATUS) values (669, 3, 'E', 6, 'ENABLED');
insert into CINEMA_SEATS (ID, CINEMA_ID, ROW, COLUMN, STATUS) values (670, 3, 'E', 7, 'ENABLED');
insert into CINEMA_SEATS (ID, CINEMA_ID, ROW, COLUMN, STATUS) values (671, 3, 'E', 8, 'ENABLED');
insert into CINEMA_SEATS (ID, CINEMA_ID, ROW, COLUMN, STATUS) values (672, 3, 'E', 9, 'ENABLED');
insert into CINEMA_SEATS (ID, CINEMA_ID, ROW, COLUMN, STATUS) values (673, 3, 'E', 10, 'ENABLED');
insert into CINEMA_SEATS (ID, CINEMA_ID, ROW, COLUMN, STATUS) values (674, 3, 'E', 11, 'ENABLED');
insert into CINEMA_SEATS (ID, CINEMA_ID, ROW, COLUMN, STATUS) values (675, 3, 'E', 12, 'ENABLED');
insert into CINEMA_SEATS (ID, CINEMA_ID, ROW, COLUMN, STATUS) values (676, 3, 'E', 13, 'ENABLED');
insert into CINEMA_SEATS (ID, CINEMA_ID, ROW, COLUMN, STATUS) values (677, 3, 'E', 14, 'ENABLED');
insert into CINEMA_SEATS (ID, CINEMA_ID, ROW, COLUMN, STATUS) values (678, 3, 'E', 15, 'ENABLED');
insert into CINEMA_SEATS (ID, CINEMA_ID, ROW, COLUMN, STATUS) values (679, 3, 'E', 17, 'ENABLED');
insert into CINEMA_SEATS (ID, CINEMA_ID, ROW, COLUMN, STATUS) values (680, 3, 'E', 18, 'ENABLED');
insert into CINEMA_SEATS (ID, CINEMA_ID, ROW, COLUMN, STATUS) values (681, 3, 'E', 19, 'ENABLED');
insert into CINEMA_SEATS (ID, CINEMA_ID, ROW, COLUMN, STATUS) values (682, 3, 'E', 20, 'ENABLED');
insert into CINEMA_SEATS (ID, CINEMA_ID, ROW, COLUMN, STATUS) values (683, 3, 'F', 1, 'ENABLED');
insert into CINEMA_SEATS (ID, CINEMA_ID, ROW, COLUMN, STATUS) values (684, 3, 'F', 2, 'ENABLED');
insert into CINEMA_SEATS (ID, CINEMA_ID, ROW, COLUMN, STATUS) values (685, 3, 'F', 3, 'ENABLED');
insert into CINEMA_SEATS (ID, CINEMA_ID, ROW, COLUMN, STATUS) values (686, 3, 'F', 4, 'ENABLED');
insert into CINEMA_SEATS (ID, CINEMA_ID, ROW, COLUMN, STATUS) values (687, 3, 'F', 6, 'ENABLED');
insert into CINEMA_SEATS (ID, CINEMA_ID, ROW, COLUMN, STATUS) values (688, 3, 'F', 7, 'ENABLED');
insert into CINEMA_SEATS (ID, CINEMA_ID, ROW, COLUMN, STATUS) values (689, 3, 'F', 8, 'ENABLED');
insert into CINEMA_SEATS (ID, CINEMA_ID, ROW, COLUMN, STATUS) values (690, 3, 'F', 9, 'ENABLED');
insert into CINEMA_SEATS (ID, CINEMA_ID, ROW, COLUMN, STATUS) values (691, 3, 'F', 10, 'ENABLED');
insert into CINEMA_SEATS (ID, CINEMA_ID, ROW, COLUMN, STATUS) values (692, 3, 'F', 11, 'ENABLED');
insert into CINEMA_SEATS (ID, CINEMA_ID, ROW, COLUMN, STATUS) values (693, 3, 'F', 12, 'ENABLED');
insert into CINEMA_SEATS (ID, CINEMA_ID, ROW, COLUMN, STATUS) values (694, 3, 'F', 13, 'ENABLED');
insert into CINEMA_SEATS (ID, CINEMA_ID, ROW, COLUMN, STATUS) values (695, 3, 'F', 14, 'ENABLED');
insert into CINEMA_SEATS (ID, CINEMA_ID, ROW, COLUMN, STATUS) values (696, 3, 'F', 15, 'ENABLED');
insert into CINEMA_SEATS (ID, CINEMA_ID, ROW, COLUMN, STATUS) values (697, 3, 'F', 17, 'ENABLED');
insert into CINEMA_SEATS (ID, CINEMA_ID, ROW, COLUMN, STATUS) values (698, 3, 'F', 18, 'ENABLED');
insert into CINEMA_SEATS (ID, CINEMA_ID, ROW, COLUMN, STATUS) values (699, 3, 'F', 19, 'ENABLED');
insert into CINEMA_SEATS (ID, CINEMA_ID, ROW, COLUMN, STATUS) values (700, 3, 'F', 20, 'ENABLED');
insert into CINEMA_SEATS (ID, CINEMA_ID, ROW, COLUMN, STATUS) values (701, 3, 'G', 1, 'ENABLED');
insert into CINEMA_SEATS (ID, CINEMA_ID, ROW, COLUMN, STATUS) values (702, 3, 'G', 2, 'ENABLED');
insert into CINEMA_SEATS (ID, CINEMA_ID, ROW, COLUMN, STATUS) values (703, 3, 'G', 3, 'ENABLED');
insert into CINEMA_SEATS (ID, CINEMA_ID, ROW, COLUMN, STATUS) values (704, 3, 'G', 4, 'ENABLED');
insert into CINEMA_SEATS (ID, CINEMA_ID, ROW, COLUMN, STATUS) values (705, 3, 'G', 6, 'ENABLED');
insert into CINEMA_SEATS (ID, CINEMA_ID, ROW, COLUMN, STATUS) values (706, 3, 'G', 7, 'ENABLED');
insert into CINEMA_SEATS (ID, CINEMA_ID, ROW, COLUMN, STATUS) values (707, 3, 'G', 8, 'ENABLED');
insert into CINEMA_SEATS (ID, CINEMA_ID, ROW, COLUMN, STATUS) values (708, 3, 'G', 9, 'ENABLED');
insert into CINEMA_SEATS (ID, CINEMA_ID, ROW, COLUMN, STATUS) values (709, 3, 'G', 10, 'ENABLED');
insert into CINEMA_SEATS (ID, CINEMA_ID, ROW, COLUMN, STATUS) values (710, 3, 'G', 11, 'ENABLED');
insert into CINEMA_SEATS (ID, CINEMA_ID, ROW, COLUMN, STATUS) values (711, 3, 'G', 12, 'ENABLED');
insert into CINEMA_SEATS (ID, CINEMA_ID, ROW, COLUMN, STATUS) values (712, 3, 'G', 13, 'ENABLED');
insert into CINEMA_SEATS (ID, CINEMA_ID, ROW, COLUMN, STATUS) values (713, 3, 'G', 14, 'ENABLED');
insert into CINEMA_SEATS (ID, CINEMA_ID, ROW, COLUMN, STATUS) values (714, 3, 'G', 15, 'ENABLED');
insert into CINEMA_SEATS (ID, CINEMA_ID, ROW, COLUMN, STATUS) values (715, 3, 'G', 17, 'ENABLED');
insert into CINEMA_SEATS (ID, CINEMA_ID, ROW, COLUMN, STATUS) values (716, 3, 'G', 18, 'ENABLED');
insert into CINEMA_SEATS (ID, CINEMA_ID, ROW, COLUMN, STATUS) values (717, 3, 'G', 19, 'ENABLED');
insert into CINEMA_SEATS (ID, CINEMA_ID, ROW, COLUMN, STATUS) values (718, 3, 'G', 20, 'ENABLED');
insert into CINEMA_SEATS (ID, CINEMA_ID, ROW, COLUMN, STATUS) values (719, 3, 'H', 1, 'ENABLED');
insert into CINEMA_SEATS (ID, CINEMA_ID, ROW, COLUMN, STATUS) values (720, 3, 'H', 2, 'ENABLED');
insert into CINEMA_SEATS (ID, CINEMA_ID, ROW, COLUMN, STATUS) values (721, 3, 'H', 3, 'ENABLED');
insert into CINEMA_SEATS (ID, CINEMA_ID, ROW, COLUMN, STATUS) values (722, 3, 'H', 4, 'ENABLED');
insert into CINEMA_SEATS (ID, CINEMA_ID, ROW, COLUMN, STATUS) values (723, 3, 'H', 6, 'ENABLED');
insert into CINEMA_SEATS (ID, CINEMA_ID, ROW, COLUMN, STATUS) values (724, 3, 'H', 7, 'ENABLED');
insert into CINEMA_SEATS (ID, CINEMA_ID, ROW, COLUMN, STATUS) values (725, 3, 'H', 8, 'ENABLED');
insert into CINEMA_SEATS (ID, CINEMA_ID, ROW, COLUMN, STATUS) values (726, 3, 'H', 9, 'ENABLED');
insert into CINEMA_SEATS (ID, CINEMA_ID, ROW, COLUMN, STATUS) values (727, 3, 'H', 10, 'ENABLED');
insert into CINEMA_SEATS (ID, CINEMA_ID, ROW, COLUMN, STATUS) values (728, 3, 'H', 11, 'ENABLED');
insert into CINEMA_SEATS (ID, CINEMA_ID, ROW, COLUMN, STATUS) values (729, 3, 'H', 12, 'ENABLED');
insert into CINEMA_SEATS (ID, CINEMA_ID, ROW, COLUMN, STATUS) values (730, 3, 'H', 13, 'ENABLED');
insert into CINEMA_SEATS (ID, CINEMA_ID, ROW, COLUMN, STATUS) values (731, 3, 'H', 14, 'ENABLED');
insert into CINEMA_SEATS (ID, CINEMA_ID, ROW, COLUMN, STATUS) values (732, 3, 'H', 15, 'ENABLED');
insert into CINEMA_SEATS (ID, CINEMA_ID, ROW, COLUMN, STATUS) values (733, 3, 'H', 17, 'ENABLED');
insert into CINEMA_SEATS (ID, CINEMA_ID, ROW, COLUMN, STATUS) values (734, 3, 'H', 18, 'ENABLED');
insert into CINEMA_SEATS (ID, CINEMA_ID, ROW, COLUMN, STATUS) values (735, 3, 'H', 19, 'ENABLED');
insert into CINEMA_SEATS (ID, CINEMA_ID, ROW, COLUMN, STATUS) values (736, 3, 'H', 20, 'ENABLED');
insert into CINEMA_SEATS (ID, CINEMA_ID, ROW, COLUMN, STATUS) values (737, 3, 'I', 1, 'ENABLED');
insert into CINEMA_SEATS (ID, CINEMA_ID, ROW, COLUMN, STATUS) values (738, 3, 'I', 2, 'ENABLED');
insert into CINEMA_SEATS (ID, CINEMA_ID, ROW, COLUMN, STATUS) values (739, 3, 'I', 3, 'ENABLED');
insert into CINEMA_SEATS (ID, CINEMA_ID, ROW, COLUMN, STATUS) values (740, 3, 'I', 4, 'ENABLED');
insert into CINEMA_SEATS (ID, CINEMA_ID, ROW, COLUMN, STATUS) values (741, 3, 'I', 6, 'ENABLED');
insert into CINEMA_SEATS (ID, CINEMA_ID, ROW, COLUMN, STATUS) values (742, 3, 'I', 7, 'ENABLED');
insert into CINEMA_SEATS (ID, CINEMA_ID, ROW, COLUMN, STATUS) values (743, 3, 'I', 8, 'ENABLED');
insert into CINEMA_SEATS (ID, CINEMA_ID, ROW, COLUMN, STATUS) values (744, 3, 'I', 9, 'ENABLED');
insert into CINEMA_SEATS (ID, CINEMA_ID, ROW, COLUMN, STATUS) values (745, 3, 'I', 10, 'ENABLED');
insert into CINEMA_SEATS (ID, CINEMA_ID, ROW, COLUMN, STATUS) values (746, 3, 'I', 11, 'ENABLED');
insert into CINEMA_SEATS (ID, CINEMA_ID, ROW, COLUMN, STATUS) values (747, 3, 'I', 12, 'ENABLED');
insert into CINEMA_SEATS (ID, CINEMA_ID, ROW, COLUMN, STATUS) values (748, 3, 'I', 13, 'ENABLED');
insert into CINEMA_SEATS (ID, CINEMA_ID, ROW, COLUMN, STATUS) values (749, 3, 'I', 14, 'ENABLED');
insert into CINEMA_SEATS (ID, CINEMA_ID, ROW, COLUMN, STATUS) values (750, 3, 'I', 15, 'ENABLED');
insert into CINEMA_SEATS (ID, CINEMA_ID, ROW, COLUMN, STATUS) values (751, 3, 'I', 17, 'ENABLED');
insert into CINEMA_SEATS (ID, CINEMA_ID, ROW, COLUMN, STATUS) values (752, 3, 'I', 18, 'ENABLED');
insert into CINEMA_SEATS (ID, CINEMA_ID, ROW, COLUMN, STATUS) values (753, 3, 'I', 19, 'ENABLED');
insert into CINEMA_SEATS (ID, CINEMA_ID, ROW, COLUMN, STATUS) values (754, 3, 'I', 20, 'ENABLED');
insert into CINEMA_SEATS (ID, CINEMA_ID, ROW, COLUMN, STATUS) values (755, 3, 'J', 1, 'ENABLED');
insert into CINEMA_SEATS (ID, CINEMA_ID, ROW, COLUMN, STATUS) values (756, 3, 'J', 2, 'ENABLED');
insert into CINEMA_SEATS (ID, CINEMA_ID, ROW, COLUMN, STATUS) values (757, 3, 'J', 3, 'ENABLED');
insert into CINEMA_SEATS (ID, CINEMA_ID, ROW, COLUMN, STATUS) values (758, 3, 'J', 4, 'ENABLED');
insert into CINEMA_SEATS (ID, CINEMA_ID, ROW, COLUMN, STATUS) values (759, 3, 'J', 6, 'ENABLED');
insert into CINEMA_SEATS (ID, CINEMA_ID, ROW, COLUMN, STATUS) values (760, 3, 'J', 7, 'ENABLED');
insert into CINEMA_SEATS (ID, CINEMA_ID, ROW, COLUMN, STATUS) values (761, 3, 'J', 8, 'ENABLED');
insert into CINEMA_SEATS (ID, CINEMA_ID, ROW, COLUMN, STATUS) values (762, 3, 'J', 9, 'ENABLED');
insert into CINEMA_SEATS (ID, CINEMA_ID, ROW, COLUMN, STATUS) values (763, 3, 'J', 10, 'ENABLED');
insert into CINEMA_SEATS (ID, CINEMA_ID, ROW, COLUMN, STATUS) values (764, 3, 'J', 11, 'ENABLED');
insert into CINEMA_SEATS (ID, CINEMA_ID, ROW, COLUMN, STATUS) values (765, 3, 'J', 12, 'ENABLED');
insert into CINEMA_SEATS (ID, CINEMA_ID, ROW, COLUMN, STATUS) values (766, 3, 'J', 13, 'ENABLED');
insert into CINEMA_SEATS (ID, CINEMA_ID, ROW, COLUMN, STATUS) values (767, 3, 'J', 14, 'ENABLED');
insert into CINEMA_SEATS (ID, CINEMA_ID, ROW, COLUMN, STATUS) values (768, 3, 'J', 15, 'ENABLED');
insert into CINEMA_SEATS (ID, CINEMA_ID, ROW, COLUMN, STATUS) values (769, 3, 'J', 17, 'ENABLED');
insert into CINEMA_SEATS (ID, CINEMA_ID, ROW, COLUMN, STATUS) values (770, 3, 'J', 18, 'ENABLED');
insert into CINEMA_SEATS (ID, CINEMA_ID, ROW, COLUMN, STATUS) values (771, 3, 'J', 19, 'ENABLED');
insert into CINEMA_SEATS (ID, CINEMA_ID, ROW, COLUMN, STATUS) values (772, 3, 'J', 20, 'ENABLED');
insert into CINEMA_SEATS (ID, CINEMA_ID, ROW, COLUMN, STATUS) values (773, 3, 'L', 1, 'ENABLED');
insert into CINEMA_SEATS (ID, CINEMA_ID, ROW, COLUMN, STATUS) values (774, 3, 'L', 2, 'ENABLED');
insert into CINEMA_SEATS (ID, CINEMA_ID, ROW, COLUMN, STATUS) values (775, 3, 'L', 3, 'ENABLED');
insert into CINEMA_SEATS (ID, CINEMA_ID, ROW, COLUMN, STATUS) values (776, 3, 'L', 4, 'ENABLED');
insert into CINEMA_SEATS (ID, CINEMA_ID, ROW, COLUMN, STATUS) values (777, 3, 'L', 6, 'ENABLED');
insert into CINEMA_SEATS (ID, CINEMA_ID, ROW, COLUMN, STATUS) values (778, 3, 'L', 7, 'ENABLED');
insert into CINEMA_SEATS (ID, CINEMA_ID, ROW, COLUMN, STATUS) values (779, 3, 'L', 8, 'ENABLED');
insert into CINEMA_SEATS (ID, CINEMA_ID, ROW, COLUMN, STATUS) values (780, 3, 'L', 9, 'ENABLED');
insert into CINEMA_SEATS (ID, CINEMA_ID, ROW, COLUMN, STATUS) values (781, 3, 'L', 10, 'ENABLED');
insert into CINEMA_SEATS (ID, CINEMA_ID, ROW, COLUMN, STATUS) values (782, 3, 'L', 11, 'ENABLED');
insert into CINEMA_SEATS (ID, CINEMA_ID, ROW, COLUMN, STATUS) values (783, 3, 'L', 12, 'ENABLED');
insert into CINEMA_SEATS (ID, CINEMA_ID, ROW, COLUMN, STATUS) values (784, 3, 'L', 13, 'ENABLED');
insert into CINEMA_SEATS (ID, CINEMA_ID, ROW, COLUMN, STATUS) values (785, 3, 'L', 14, 'ENABLED');
insert into CINEMA_SEATS (ID, CINEMA_ID, ROW, COLUMN, STATUS) values (786, 3, 'L', 15, 'ENABLED');
insert into CINEMA_SEATS (ID, CINEMA_ID, ROW, COLUMN, STATUS) values (787, 3, 'L', 17, 'ENABLED');
insert into CINEMA_SEATS (ID, CINEMA_ID, ROW, COLUMN, STATUS) values (788, 3, 'L', 18, 'ENABLED');
insert into CINEMA_SEATS (ID, CINEMA_ID, ROW, COLUMN, STATUS) values (789, 3, 'L', 19, 'ENABLED');
insert into CINEMA_SEATS (ID, CINEMA_ID, ROW, COLUMN, STATUS) values (790, 3, 'L', 20, 'ENABLED');
insert into CINEMA_SEATS (ID, CINEMA_ID, ROW, COLUMN, STATUS) values (791, 3, 'M', 1, 'ENABLED');
insert into CINEMA_SEATS (ID, CINEMA_ID, ROW, COLUMN, STATUS) values (792, 3, 'M', 2, 'ENABLED');
insert into CINEMA_SEATS (ID, CINEMA_ID, ROW, COLUMN, STATUS) values (793, 3, 'M', 3, 'ENABLED');
insert into CINEMA_SEATS (ID, CINEMA_ID, ROW, COLUMN, STATUS) values (794, 3, 'M', 4, 'ENABLED');
insert into CINEMA_SEATS (ID, CINEMA_ID, ROW, COLUMN, STATUS) values (795, 3, 'M', 6, 'ENABLED');
insert into CINEMA_SEATS (ID, CINEMA_ID, ROW, COLUMN, STATUS) values (796, 3, 'M', 7, 'ENABLED');
insert into CINEMA_SEATS (ID, CINEMA_ID, ROW, COLUMN, STATUS) values (797, 3, 'M', 8, 'ENABLED');
insert into CINEMA_SEATS (ID, CINEMA_ID, ROW, COLUMN, STATUS) values (798, 3, 'M', 9, 'ENABLED');
insert into CINEMA_SEATS (ID, CINEMA_ID, ROW, COLUMN, STATUS) values (799, 3, 'M', 10, 'ENABLED');
insert into CINEMA_SEATS (ID, CINEMA_ID, ROW, COLUMN, STATUS) values (800, 3, 'M', 11, 'ENABLED');
insert into CINEMA_SEATS (ID, CINEMA_ID, ROW, COLUMN, STATUS) values (801, 3, 'M', 12, 'ENABLED');
insert into CINEMA_SEATS (ID, CINEMA_ID, ROW, COLUMN, STATUS) values (802, 3, 'M', 13, 'ENABLED');
insert into CINEMA_SEATS (ID, CINEMA_ID, ROW, COLUMN, STATUS) values (803, 3, 'M', 14, 'ENABLED');
insert into CINEMA_SEATS (ID, CINEMA_ID, ROW, COLUMN, STATUS) values (804, 3, 'M', 15, 'ENABLED');
insert into CINEMA_SEATS (ID, CINEMA_ID, ROW, COLUMN, STATUS) values (805, 3, 'M', 17, 'ENABLED');
insert into CINEMA_SEATS (ID, CINEMA_ID, ROW, COLUMN, STATUS) values (806, 3, 'M', 18, 'ENABLED');
insert into CINEMA_SEATS (ID, CINEMA_ID, ROW, COLUMN, STATUS) values (807, 3, 'M', 19, 'ENABLED');
insert into CINEMA_SEATS (ID, CINEMA_ID, ROW, COLUMN, STATUS) values (808, 3, 'M', 20, 'ENABLED');
insert into CINEMA_SEATS (ID, CINEMA_ID, ROW, COLUMN, STATUS) values (809, 3, 'N', 1, 'ENABLED');
insert into CINEMA_SEATS (ID, CINEMA_ID, ROW, COLUMN, STATUS) values (810, 3, 'N', 2, 'ENABLED');
insert into CINEMA_SEATS (ID, CINEMA_ID, ROW, COLUMN, STATUS) values (811, 3, 'N', 3, 'ENABLED');
insert into CINEMA_SEATS (ID, CINEMA_ID, ROW, COLUMN, STATUS) values (812, 3, 'N', 4, 'ENABLED');
insert into CINEMA_SEATS (ID, CINEMA_ID, ROW, COLUMN, STATUS) values (813, 3, 'N', 6, 'ENABLED');
insert into CINEMA_SEATS (ID, CINEMA_ID, ROW, COLUMN, STATUS) values (814, 3, 'N', 7, 'ENABLED');
insert into CINEMA_SEATS (ID, CINEMA_ID, ROW, COLUMN, STATUS) values (815, 3, 'N', 8, 'ENABLED');
insert into CINEMA_SEATS (ID, CINEMA_ID, ROW, COLUMN, STATUS) values (816, 3, 'N', 9, 'ENABLED');
insert into CINEMA_SEATS (ID, CINEMA_ID, ROW, COLUMN, STATUS) values (817, 3, 'N', 10, 'ENABLED');
insert into CINEMA_SEATS (ID, CINEMA_ID, ROW, COLUMN, STATUS) values (818, 3, 'N', 11, 'ENABLED');
insert into CINEMA_SEATS (ID, CINEMA_ID, ROW, COLUMN, STATUS) values (819, 3, 'N', 12, 'ENABLED');
insert into CINEMA_SEATS (ID, CINEMA_ID, ROW, COLUMN, STATUS) values (820, 3, 'N', 13, 'ENABLED');
insert into CINEMA_SEATS (ID, CINEMA_ID, ROW, COLUMN, STATUS) values (821, 3, 'N', 14, 'ENABLED');
insert into CINEMA_SEATS (ID, CINEMA_ID, ROW, COLUMN, STATUS) values (822, 3, 'N', 15, 'ENABLED');
insert into CINEMA_SEATS (ID, CINEMA_ID, ROW, COLUMN, STATUS) values (823, 3, 'N', 17, 'ENABLED');
insert into CINEMA_SEATS (ID, CINEMA_ID, ROW, COLUMN, STATUS) values (824, 3, 'N', 18, 'ENABLED');
insert into CINEMA_SEATS (ID, CINEMA_ID, ROW, COLUMN, STATUS) values (825, 3, 'N', 19, 'ENABLED');
insert into CINEMA_SEATS (ID, CINEMA_ID, ROW, COLUMN, STATUS) values (826, 3, 'N', 20, 'ENABLED');
insert into CINEMA_SEATS (ID, CINEMA_ID, ROW, COLUMN, STATUS) values (827, 3, 'O', 1, 'ENABLED');
insert into CINEMA_SEATS (ID, CINEMA_ID, ROW, COLUMN, STATUS) values (828, 3, 'O', 2, 'ENABLED');
insert into CINEMA_SEATS (ID, CINEMA_ID, ROW, COLUMN, STATUS) values (829, 3, 'O', 3, 'ENABLED');
insert into CINEMA_SEATS (ID, CINEMA_ID, ROW, COLUMN, STATUS) values (830, 3, 'O', 4, 'ENABLED');
insert into CINEMA_SEATS (ID, CINEMA_ID, ROW, COLUMN, STATUS) values (831, 3, 'O', 6, 'ENABLED');
insert into CINEMA_SEATS (ID, CINEMA_ID, ROW, COLUMN, STATUS) values (832, 3, 'O', 7, 'ENABLED');
insert into CINEMA_SEATS (ID, CINEMA_ID, ROW, COLUMN, STATUS) values (833, 3, 'O', 8, 'ENABLED');
insert into CINEMA_SEATS (ID, CINEMA_ID, ROW, COLUMN, STATUS) values (834, 3, 'O', 9, 'ENABLED');
insert into CINEMA_SEATS (ID, CINEMA_ID, ROW, COLUMN, STATUS) values (835, 3, 'O', 10, 'ENABLED');
insert into CINEMA_SEATS (ID, CINEMA_ID, ROW, COLUMN, STATUS) values (836, 3, 'O', 11, 'ENABLED');
insert into CINEMA_SEATS (ID, CINEMA_ID, ROW, COLUMN, STATUS) values (837, 3, 'O', 12, 'ENABLED');
insert into CINEMA_SEATS (ID, CINEMA_ID, ROW, COLUMN, STATUS) values (838, 3, 'O', 13, 'ENABLED');
insert into CINEMA_SEATS (ID, CINEMA_ID, ROW, COLUMN, STATUS) values (839, 3, 'O', 14, 'ENABLED');
insert into CINEMA_SEATS (ID, CINEMA_ID, ROW, COLUMN, STATUS) values (840, 3, 'O', 15, 'ENABLED');
insert into CINEMA_SEATS (ID, CINEMA_ID, ROW, COLUMN, STATUS) values (841, 3, 'O', 17, 'ENABLED');
insert into CINEMA_SEATS (ID, CINEMA_ID, ROW, COLUMN, STATUS) values (842, 3, 'O', 18, 'ENABLED');
insert into CINEMA_SEATS (ID, CINEMA_ID, ROW, COLUMN, STATUS) values (843, 3, 'O', 19, 'ENABLED');
insert into CINEMA_SEATS (ID, CINEMA_ID, ROW, COLUMN, STATUS) values (844, 3, 'O', 20, 'ENABLED');
insert into CINEMA_SEATS (ID, CINEMA_ID, ROW, COLUMN, STATUS) values (845, 3, 'P', 1, 'ENABLED');
insert into CINEMA_SEATS (ID, CINEMA_ID, ROW, COLUMN, STATUS) values (846, 3, 'P', 2, 'ENABLED');
insert into CINEMA_SEATS (ID, CINEMA_ID, ROW, COLUMN, STATUS) values (847, 3, 'P', 3, 'ENABLED');
insert into CINEMA_SEATS (ID, CINEMA_ID, ROW, COLUMN, STATUS) values (848, 3, 'P', 4, 'ENABLED');
insert into CINEMA_SEATS (ID, CINEMA_ID, ROW, COLUMN, STATUS) values (849, 3, 'P', 17, 'ENABLED');
insert into CINEMA_SEATS (ID, CINEMA_ID, ROW, COLUMN, STATUS) values (850, 3, 'P', 18, 'ENABLED');
insert into CINEMA_SEATS (ID, CINEMA_ID, ROW, COLUMN, STATUS) values (851, 3, 'P', 19, 'ENABLED');
insert into CINEMA_SEATS (ID, CINEMA_ID, ROW, COLUMN, STATUS) values (852, 3, 'P', 20, 'ENABLED');
insert into CINEMA_SEATS (ID, CINEMA_ID, ROW, COLUMN, STATUS) values (853, 3, 'Q', 1, 'ENABLED');
insert into CINEMA_SEATS (ID, CINEMA_ID, ROW, COLUMN, STATUS) values (854, 3, 'Q', 2, 'ENABLED');
insert into CINEMA_SEATS (ID, CINEMA_ID, ROW, COLUMN, STATUS) values (855, 3, 'Q', 3, 'ENABLED');
insert into CINEMA_SEATS (ID, CINEMA_ID, ROW, COLUMN, STATUS) values (856, 3, 'Q', 4, 'ENABLED');
insert into CINEMA_SEATS (ID, CINEMA_ID, ROW, COLUMN, STATUS) values (857, 3, 'Q', 6, 'ENABLED');
insert into CINEMA_SEATS (ID, CINEMA_ID, ROW, COLUMN, STATUS) values (858, 3, 'Q', 7, 'ENABLED');
insert into CINEMA_SEATS (ID, CINEMA_ID, ROW, COLUMN, STATUS) values (859, 3, 'Q', 8, 'ENABLED');
insert into CINEMA_SEATS (ID, CINEMA_ID, ROW, COLUMN, STATUS) values (860, 3, 'Q', 9, 'ENABLED');
insert into CINEMA_SEATS (ID, CINEMA_ID, ROW, COLUMN, STATUS) values (861, 3, 'Q', 10, 'ENABLED');
insert into CINEMA_SEATS (ID, CINEMA_ID, ROW, COLUMN, STATUS) values (862, 3, 'Q', 11, 'ENABLED');
insert into CINEMA_SEATS (ID, CINEMA_ID, ROW, COLUMN, STATUS) values (863, 3, 'Q', 12, 'ENABLED');
insert into CINEMA_SEATS (ID, CINEMA_ID, ROW, COLUMN, STATUS) values (864, 3, 'Q', 13, 'ENABLED');
insert into CINEMA_SEATS (ID, CINEMA_ID, ROW, COLUMN, STATUS) values (865, 3, 'Q', 14, 'ENABLED');
insert into CINEMA_SEATS (ID, CINEMA_ID, ROW, COLUMN, STATUS) values (866, 3, 'Q', 15, 'ENABLED');
insert into CINEMA_SEATS (ID, CINEMA_ID, ROW, COLUMN, STATUS) values (867, 3, 'Q', 17, 'ENABLED');
insert into CINEMA_SEATS (ID, CINEMA_ID, ROW, COLUMN, STATUS) values (868, 3, 'Q', 18, 'ENABLED');
insert into CINEMA_SEATS (ID, CINEMA_ID, ROW, COLUMN, STATUS) values (869, 3, 'Q', 19, 'ENABLED');
insert into CINEMA_SEATS (ID, CINEMA_ID, ROW, COLUMN, STATUS) values (870, 3, 'Q', 20, 'ENABLED');
insert into CINEMA_SEATS (ID, CINEMA_ID, ROW, COLUMN, STATUS) values (871, 3, 'R', 1, 'ENABLED');
insert into CINEMA_SEATS (ID, CINEMA_ID, ROW, COLUMN, STATUS) values (872, 3, 'R', 2, 'ENABLED');
insert into CINEMA_SEATS (ID, CINEMA_ID, ROW, COLUMN, STATUS) values (873, 3, 'R', 3, 'ENABLED');
insert into CINEMA_SEATS (ID, CINEMA_ID, ROW, COLUMN, STATUS) values (874, 3, 'R', 4, 'ENABLED');
insert into CINEMA_SEATS (ID, CINEMA_ID, ROW, COLUMN, STATUS) values (875, 3, 'R', 6, 'ENABLED');
insert into CINEMA_SEATS (ID, CINEMA_ID, ROW, COLUMN, STATUS) values (876, 3, 'R', 7, 'ENABLED');
insert into CINEMA_SEATS (ID, CINEMA_ID, ROW, COLUMN, STATUS) values (877, 3, 'R', 8, 'ENABLED');
insert into CINEMA_SEATS (ID, CINEMA_ID, ROW, COLUMN, STATUS) values (878, 3, 'R', 9, 'ENABLED');
insert into CINEMA_SEATS (ID, CINEMA_ID, ROW, COLUMN, STATUS) values (879, 3, 'R', 10, 'ENABLED');
insert into CINEMA_SEATS (ID, CINEMA_ID, ROW, COLUMN, STATUS) values (880, 3, 'R', 11, 'ENABLED');
insert into CINEMA_SEATS (ID, CINEMA_ID, ROW, COLUMN, STATUS) values (881, 3, 'R', 12, 'ENABLED');
insert into CINEMA_SEATS (ID, CINEMA_ID, ROW, COLUMN, STATUS) values (882, 3, 'R', 13, 'ENABLED');
insert into CINEMA_SEATS (ID, CINEMA_ID, ROW, COLUMN, STATUS) values (883, 3, 'R', 14, 'ENABLED');
insert into CINEMA_SEATS (ID, CINEMA_ID, ROW, COLUMN, STATUS) values (884, 3, 'R', 15, 'ENABLED');
insert into CINEMA_SEATS (ID, CINEMA_ID, ROW, COLUMN, STATUS) values (885, 3, 'R', 17, 'ENABLED');
insert into CINEMA_SEATS (ID, CINEMA_ID, ROW, COLUMN, STATUS) values (886, 3, 'R', 18, 'ENABLED');
insert into CINEMA_SEATS (ID, CINEMA_ID, ROW, COLUMN, STATUS) values (887, 3, 'R', 19, 'ENABLED');
insert into CINEMA_SEATS (ID, CINEMA_ID, ROW, COLUMN, STATUS) values (888, 3, 'R', 20, 'ENABLED');
insert into CINEMA_SEATS (ID, CINEMA_ID, ROW, COLUMN, STATUS) values (889, 3, 'S', 1, 'ENABLED');
insert into CINEMA_SEATS (ID, CINEMA_ID, ROW, COLUMN, STATUS) values (890, 3, 'S', 2, 'ENABLED');
insert into CINEMA_SEATS (ID, CINEMA_ID, ROW, COLUMN, STATUS) values (891, 3, 'S', 3, 'ENABLED');
insert into CINEMA_SEATS (ID, CINEMA_ID, ROW, COLUMN, STATUS) values (892, 3, 'S', 4, 'ENABLED');
insert into CINEMA_SEATS (ID, CINEMA_ID, ROW, COLUMN, STATUS) values (893, 3, 'S', 6, 'ENABLED');
insert into CINEMA_SEATS (ID, CINEMA_ID, ROW, COLUMN, STATUS) values (894, 3, 'S', 7, 'ENABLED');
insert into CINEMA_SEATS (ID, CINEMA_ID, ROW, COLUMN, STATUS) values (895, 3, 'S', 8, 'ENABLED');
insert into CINEMA_SEATS (ID, CINEMA_ID, ROW, COLUMN, STATUS) values (896, 3, 'S', 9, 'ENABLED');
insert into CINEMA_SEATS (ID, CINEMA_ID, ROW, COLUMN, STATUS) values (897, 3, 'S', 10, 'ENABLED');
insert into CINEMA_SEATS (ID, CINEMA_ID, ROW, COLUMN, STATUS) values (898, 3, 'S', 11, 'ENABLED');
insert into CINEMA_SEATS (ID, CINEMA_ID, ROW, COLUMN, STATUS) values (899, 3, 'S', 12, 'ENABLED');
insert into CINEMA_SEATS (ID, CINEMA_ID, ROW, COLUMN, STATUS) values (900, 3, 'S', 13, 'ENABLED');
insert into CINEMA_SEATS (ID, CINEMA_ID, ROW, COLUMN, STATUS) values (901, 3, 'S', 14, 'ENABLED');
insert into CINEMA_SEATS (ID, CINEMA_ID, ROW, COLUMN, STATUS) values (902, 3, 'S', 15, 'ENABLED');
insert into CINEMA_SEATS (ID, CINEMA_ID, ROW, COLUMN, STATUS) values (903, 3, 'S', 17, 'ENABLED');
insert into CINEMA_SEATS (ID, CINEMA_ID, ROW, COLUMN, STATUS) values (904, 3, 'S', 18, 'ENABLED');
insert into CINEMA_SEATS (ID, CINEMA_ID, ROW, COLUMN, STATUS) values (905, 3, 'S', 19, 'ENABLED');
insert into CINEMA_SEATS (ID, CINEMA_ID, ROW, COLUMN, STATUS) values (906, 3, 'S', 20, 'ENABLED');